CategoryFolder,DocumentType,PageURL,FileURL,SavedLocalPath,Status,Error
Company Formation & Governance,"General Incorporation, AoA, MoA, Registers, UBO, Board Resolutions",https://www.adgm.com/registration-authority/registration-and-incorporation,https://www.adgm.com/documents/registration-authority/registration-and-incorporation/templates/incorporation-by-individual.docx,"adgm_rag_reference_3\Company_Formation_&_Governance\General_Incorporation,_AoA,_MoA,_Registers,_UBO,_Board_Resolutions\Incorporation-by-Individual.docx",✅ Success,
Company Formation & Governance,"General Incorporation, AoA, MoA, Registers, UBO, Board Resolutions",https://www.adgm.com/registration-authority/registration-and-incorporation,https://assets.adgm.com/download/assets/Branch-Financial+Services+20230509.pdf/c5f462585a4411ef97f846760ad4a98b,"adgm_rag_reference_3\Company_Formation_&_Governance\General_Incorporation,_AoA,_MoA,_Registers,_UBO,_Board_Resolutions\Branch-Financial_Services_20230509.pdf",✅ Success,
Company Formation & Governance,"General Incorporation, AoA, MoA, Registers, UBO, Board Resolutions",https://www.adgm.com/registration-authority/registration-and-incorporation,https://assets.adgm.com/download/assets/Branch-Non+Financial+Services+20231228.pdf/c5bd08c65a4411efb9d83a701912a93f,"adgm_rag_reference_3\Company_Formation_&_Governance\General_Incorporation,_AoA,_MoA,_Registers,_UBO,_Board_Resolutions\Branch_-_Financial_Services_and_Non-Financial_Services.pdf",✅ Success,
Company Formation & Governance,"General Incorporation, AoA, MoA, Registers, UBO, Board Resolutions",https://www.adgm.com/registration-authority/registration-and-incorporation,https://assets.adgm.com/download/assets/Branch-Retail+20230509.pdf/e60ad38042a511efaac332a68361c3e7,"adgm_rag_reference_3\Company_Formation_&_Governance\General_Incorporation,_AoA,_MoA,_Registers,_UBO,_Board_Resolutions\Branch-Retail_20230509.pdf",✅ Success,
Company Formation & Governance,"General Incorporation, AoA, MoA, Registers, UBO, Board Resolutions",https://www.adgm.com/registration-authority/registration-and-incorporation,https://assets.adgm.com/download/assets/Checklist+Company+Set+Up+V+1+20220530+Investment+Company+LTD+ICC.pdf/c4a459585a4411ef89c3d6ca111d780b,"adgm_rag_reference_3\Company_Formation_&_Governance\General_Incorporation,_AoA,_MoA,_Registers,_UBO,_Board_Resolutions\Checklist_Company_Set_Up_V_1_20220530_Investment_Company_LTD_ICC.pdf",✅ Success,
Company Formation & Governance,"General Incorporation, AoA, MoA, Registers, UBO, Board Resolutions",https://www.adgm.com/registration-authority/registration-and-incorporation,https://assets.adgm.com/download/assets/Checklist+Company+Set+Up+V+1+20220530+Investment+Company+LTD+PCC.pdf/99b7c72a3eba11ef89eaaeb47944ff8b,"adgm_rag_reference_3\Company_Formation_&_Governance\General_Incorporation,_AoA,_MoA,_Registers,_UBO,_Board_Resolutions\Checklist_Company_Set_Up_V_1_20220530_Investment_Company_LTD_PCC.pdf",✅ Success,
Company Formation & Governance,"General Incorporation, AoA, MoA, Registers, UBO, Board Resolutions",https://www.adgm.com/registration-authority/registration-and-incorporation,https://assets.adgm.com/download/assets/Checklist+Company+SetUp+V1+20220530+Investment+Company+LTD.pdf/c4acc78c5a4411ef82f4b295bac3477d,"adgm_rag_reference_3\Company_Formation_&_Governance\General_Incorporation,_AoA,_MoA,_Registers,_UBO,_Board_Resolutions\Checklist_Company_SetUp_V1_20220530_Investment_Company_LTD.pdf",✅ Success,
Company Formation & Governance,"General Incorporation, AoA, MoA, Registers, UBO, Board Resolutions",https://www.adgm.com/registration-authority/registration-and-incorporation,https://assets.adgm.com/download/assets/Checklist+Registration+V1+20220509+non-exempt+foundations.pdf/d41c66044b1811efbe4cb6e25ca33f54,"adgm_rag_reference_3\Company_Formation_&_Governance\General_Incorporation,_AoA,_MoA,_Registers,_UBO,_Board_Resolutions\Checklist_Registration_V1_20220509_non-exempt_foundations.pdf",✅ Success,
Company Formation & Governance,"General Incorporation, AoA, MoA, Registers, UBO, Board Resolutions",https://www.adgm.com/registration-authority/registration-and-incorporation,https://assets.adgm.com/download/assets/Checklist+Registration+V1+20220601+non-exempt+Foundations+Continuance.pdf/4bb333dc4b1911efa3604a2527d9dd90,"adgm_rag_reference_3\Company_Formation_&_Governance\General_Incorporation,_AoA,_MoA,_Registers,_UBO,_Board_Resolutions\Checklist_Registration_V1_20220601_non-exempt_Foundations_Continuance.pdf",✅ Success,
Company Formation & Governance,"General Incorporation, AoA, MoA, Registers, UBO, Board Resolutions",https://www.adgm.com/registration-authority/registration-and-incorporation,https://assets.adgm.com/download/assets/Limited+Liability+Partnership+Financial+and+Non-Financial+20231228.pdf/581aa6b66b7e11efa51c0e7a9b09c175,"adgm_rag_reference_3\Company_Formation_&_Governance\General_Incorporation,_AoA,_MoA,_Registers,_UBO,_Board_Resolutions\Limited_Liability_Partnership_-_Financial_and_Non-Financial_firms.pdf",✅ Success,
Company Formation & Governance,"General Incorporation, AoA, MoA, Registers, UBO, Board Resolutions",https://www.adgm.com/registration-authority/registration-and-incorporation,https://assets.adgm.com/download/assets/Private+Company+Limited+by+Guarantee+Non-Financial+Services+20231228.pdf/1e6186444b1a11ef94edde7a1988e667,"adgm_rag_reference_3\Company_Formation_&_Governance\General_Incorporation,_AoA,_MoA,_Registers,_UBO,_Board_Resolutions\Private_Company_Limited_by_Guarantee_Non-Financial_Services_20231228.pdf",✅ Success,
Company Formation & Governance,"General Incorporation, AoA, MoA, Registers, UBO, Board Resolutions",https://www.adgm.com/registration-authority/registration-and-incorporation,https://assets.adgm.com/download/assets/Private+Company+Limited+by+Shares-Financial+Services+20230509.pdf/97c080e84b1b11efacda82ce69c85c0e,"adgm_rag_reference_3\Company_Formation_&_Governance\General_Incorporation,_AoA,_MoA,_Registers,_UBO,_Board_Resolutions\Private_Company_Limited_by_Shares-Financial_Services_20230509.pdf",✅ Success,
Company Formation & Governance,"General Incorporation, AoA, MoA, Registers, UBO, Board Resolutions",https://www.adgm.com/registration-authority/registration-and-incorporation,https://assets.adgm.com/download/assets/Private+Company+Limited+by+Shares-Non-Financial+Services+20231228.pdf/c214f1f25a4411ef82f4b295bac3477d,"adgm_rag_reference_3\Company_Formation_&_Governance\General_Incorporation,_AoA,_MoA,_Registers,_UBO,_Board_Resolutions\Private_Company_Limited_by_Shares_-_Non-Financial_Services.pdf",✅ Success,
Company Formation & Governance,"General Incorporation, AoA, MoA, Registers, UBO, Board Resolutions",https://www.adgm.com/registration-authority/registration-and-incorporation,https://assets.adgm.com/download/assets/Private+Company+Limited+by+Shares-Non-Exempt-SPV+20230509.pdf/8774338462b711ef86660e47fb5d40ab,"adgm_rag_reference_3\Company_Formation_&_Governance\General_Incorporation,_AoA,_MoA,_Registers,_UBO,_Board_Resolutions\Private_Company_Limited_by_Shares-Non-Exempt-SPV_20230509.pdf",✅ Success,
Company Formation & Governance,"General Incorporation, AoA, MoA, Registers, UBO, Board Resolutions",https://www.adgm.com/registration-authority/registration-and-incorporation,https://assets.adgm.com/download/assets/Private+Company+Limited+by+Shares+continuance+SPV+20231228.pdf/9bff576e3eba11efb3b7bec7319c18f4,"adgm_rag_reference_3\Company_Formation_&_Governance\General_Incorporation,_AoA,_MoA,_Registers,_UBO,_Board_Resolutions\Private_Company_Limited_by_Shares_continuance_SPV_20231228.pdf",✅ Success,
Company Formation & Governance,"General Incorporation, AoA, MoA, Registers, UBO, Board Resolutions",https://www.adgm.com/registration-authority/registration-and-incorporation,https://assets.adgm.com/download/assets/Private+Company+Limited+by+Shares-Retail+20230509.pdf/c06fff4a5a4411ef82f4b295bac3477d,"adgm_rag_reference_3\Company_Formation_&_Governance\General_Incorporation,_AoA,_MoA,_Registers,_UBO,_Board_Resolutions\Private_Company_Limited_by_Shares_-_Retail.pdf",✅ Success,
Company Formation & Governance,"General Incorporation, AoA, MoA, Registers, UBO, Board Resolutions",https://www.adgm.com/registration-authority/registration-and-incorporation,https://assets.adgm.com/download/assets/Private+Company+Limited+by+Shares+continuance+fin+non-fin+retail+ex+spv+20231228.pdf/56925de04b1a11ef890d62f53bd3635e,"adgm_rag_reference_3\Company_Formation_&_Governance\General_Incorporation,_AoA,_MoA,_Registers,_UBO,_Board_Resolutions\Private_Company_Limited_by_Shares_continuance_fin_non-fin_retail_ex_spv_20231228.pdf",✅ Success,
Company Formation & Governance,"General Incorporation, AoA, MoA, Registers, UBO, Board Resolutions",https://www.adgm.com/registration-authority/registration-and-incorporation,https://assets.adgm.com/download/assets/Checklist+Company+Set+Up+V1020220517+PLC+NonFinancial.pdf/d6b76c607f0c11ef9896c60b74fbe720,"adgm_rag_reference_3\Company_Formation_&_Governance\General_Incorporation,_AoA,_MoA,_Registers,_UBO,_Board_Resolutions\Checklist_Company_Set_Up_V1020220517_PLC_NonFinancial.pdf",✅ Success,
Company Formation & Governance,"General Incorporation, AoA, MoA, Registers, UBO, Board Resolutions",https://www.adgm.com/registration-authority/registration-and-incorporation,https://assets.adgm.com/download/assets/ADGM-RA-Nominee-Arrangement-Confirmation.docx/f763662c5b0c11ef957ebad158dde651,"adgm_rag_reference_3\Company_Formation_&_Governance\General_Incorporation,_AoA,_MoA,_Registers,_UBO,_Board_Resolutions\ADGM-RA-Nominee-Arrangement-Confirmation.docx",✅ Success,
Company Formation & Governance,"General Incorporation, AoA, MoA, Registers, UBO, Board Resolutions",https://www.adgm.com/registration-authority/registration-and-incorporation,https://assets.adgm.com/download/assets/Nominee-Arrangement-Confirmation-Role-Holder-Nominee-Company.docx/e1efb5366ba911ef8992c68d6daf3988,"adgm_rag_reference_3\Company_Formation_&_Governance\General_Incorporation,_AoA,_MoA,_Registers,_UBO,_Board_Resolutions\Nominee-Arrangement-Confirmation-Role-Holder-Nominee-Company.docx",✅ Success,
Company Formation & Governance,"General Incorporation, AoA, MoA, Registers, UBO, Board Resolutions",https://www.adgm.com/registration-authority/registration-and-incorporation,https://assets.adgm.com/download/assets/Nominee-Arrangement-Confirmation-Role-Holder-Nominee-Foundation.docx/102aa6906baa11efb7f2324080d98e91,"adgm_rag_reference_3\Company_Formation_&_Governance\General_Incorporation,_AoA,_MoA,_Registers,_UBO,_Board_Resolutions\Nominee-Arrangement-Confirmation-Role-Holder-Nominee-Foundation.docx",✅ Success,
Company Formation & Governance,"General Incorporation, AoA, MoA, Registers, UBO, Board Resolutions",https://www.adgm.com/registration-authority/registration-and-incorporation,https://assets.adgm.com/download/assets/Nominee-Arragement-Confirmation-Role-Holder-Nominee-Partnership.docx/87bc3dd06bab11efa545ae6d7891492b,"adgm_rag_reference_3\Company_Formation_&_Governance\General_Incorporation,_AoA,_MoA,_Registers,_UBO,_Board_Resolutions\Nominee-Arragement-Confirmation-Role-Holder-Nominee-Partnership.docx",✅ Success,
Company Formation & Governance,"General Incorporation, AoA, MoA, Registers, UBO, Board Resolutions",https://www.adgm.com/registration-authority/registration-and-incorporation,https://assets.adgm.com/download/assets/Schedule+of+Fees+2025.pdf/6f25a452823d11ef808c3e0446867bce,"adgm_rag_reference_3\Company_Formation_&_Governance\General_Incorporation,_AoA,_MoA,_Registers,_UBO,_Board_Resolutions\Schedule_of_Fees_2025.pdf",✅ Success,
Company Formation & Governance,"General Incorporation, AoA, MoA, Registers, UBO, Board Resolutions",https://www.adgm.com/registration-authority/registration-and-incorporation,https://assets.adgm.com/download/assets/adgm-ra-model-articles-private-company-limited-by-shares.docx/015402647f0111ef91cdea7ac70a8286,"adgm_rag_reference_3\Company_Formation_&_Governance\General_Incorporation,_AoA,_MoA,_Registers,_UBO,_Board_Resolutions\adgm-ra-model-articles-private-company-limited-by-shares.docx",✅ Success,
Company Formation & Governance,"General Incorporation, AoA, MoA, Registers, UBO, Board Resolutions",https://www.adgm.com/registration-authority/registration-and-incorporation,https://assets.adgm.com/download/assets/adgm-ra-model-articles-private-company-limited-by-guarantee.docx/e6d3adc05b1711ef9f15a617eb0b5f27,"adgm_rag_reference_3\Company_Formation_&_Governance\General_Incorporation,_AoA,_MoA,_Registers,_UBO,_Board_Resolutions\adgm-ra-model-articles-private-company-limited-by-guarantee.docx",✅ Success,
Company Formation & Governance,"General Incorporation, AoA, MoA, Registers, UBO, Board Resolutions",https://www.adgm.com/registration-authority/registration-and-incorporation,https://assets.adgm.com/download/assets/adgm-ra-model-articles-public-company-limited-by-shares.docx/521470847f0211ef95c8a6d84cd87ba2,"adgm_rag_reference_3\Company_Formation_&_Governance\General_Incorporation,_AoA,_MoA,_Registers,_UBO,_Board_Resolutions\adgm-ra-model-articles-public-company-limited-by-shares.docx",✅ Success,
Company Formation & Governance,"General Incorporation, AoA, MoA, Registers, UBO, Board Resolutions",https://www.adgm.com/registration-authority/registration-and-incorporation,https://assets.adgm.com/download/assets/adgm-ra-model-articles-private-company-limited-by-shares-bilingual.docx/88b727727f0111ef94a8e694ff24f57d,"adgm_rag_reference_3\Company_Formation_&_Governance\General_Incorporation,_AoA,_MoA,_Registers,_UBO,_Board_Resolutions\adgm-ra-model-articles-private-company-limited-by-shares-bilingual.docx",✅ Success,
Company Formation & Governance,"General Incorporation, AoA, MoA, Registers, UBO, Board Resolutions",https://www.adgm.com/registration-authority/registration-and-incorporation,https://assets.adgm.com/download/assets/adgm-ra-model-articles-public-company-limited-by-shares-bilingual.docx/7378a4707f0211efa82e4e029c373d36,"adgm_rag_reference_3\Company_Formation_&_Governance\General_Incorporation,_AoA,_MoA,_Registers,_UBO,_Board_Resolutions\adgm-ra-model-articles-public-company-limited-by-shares-bilingual.docx",✅ Success,
Company Formation & Governance,"General Incorporation, AoA, MoA, Registers, UBO, Board Resolutions",https://www.adgm.com/registration-authority/registration-and-incorporation,https://assets.adgm.com/download/assets/adgm-ra-model-articles-private-company-limited-by-guarantee-bilingual.docx/e64b55925b1711ef9d1dd67523249f8b,"adgm_rag_reference_3\Company_Formation_&_Governance\General_Incorporation,_AoA,_MoA,_Registers,_UBO,_Board_Resolutions\adgm-ra-model-articles-private-company-limited-by-guarantee-bilingual.docx",✅ Success,
Company Formation & Governance,"General Incorporation, AoA, MoA, Registers, UBO, Board Resolutions",https://www.adgm.com/registration-authority/registration-and-incorporation,https://assets.adgm.com/download/assets/adgm-ra-resolution-single-individual-shareholder-PLC-incorporation-v1.docx/d71f71567f0311ef96d0466ec8648bb9,"adgm_rag_reference_3\Company_Formation_&_Governance\General_Incorporation,_AoA,_MoA,_Registers,_UBO,_Board_Resolutions\adgm-ra-resolution-single-individual-shareholder-PLC-incorporation-v1.docx",✅ Success,
Company Formation & Governance,"General Incorporation, AoA, MoA, Registers, UBO, Board Resolutions",https://www.adgm.com/registration-authority/registration-and-incorporation,https://assets.adgm.com/download/assets/adgm-ra-resolution-multiple-individual-shareholders-PLC-incorporation-v1.docx/d660f1fe7f0311efb56486445a785e4f,"adgm_rag_reference_3\Company_Formation_&_Governance\General_Incorporation,_AoA,_MoA,_Registers,_UBO,_Board_Resolutions\adgm-ra-resolution-multiple-individual-shareholders-PLC-incorporation-v1.docx",✅ Success,
Company Formation & Governance,"General Incorporation, AoA, MoA, Registers, UBO, Board Resolutions",https://www.adgm.com/registration-authority/registration-and-incorporation,https://assets.adgm.com/download/assets/adgm-ra-resolution-corporate-shareholders-PLC-incorporation-v1.docx/d69085e07f0311ef8e788681c52da287,"adgm_rag_reference_3\Company_Formation_&_Governance\General_Incorporation,_AoA,_MoA,_Registers,_UBO,_Board_Resolutions\adgm-ra-resolution-corporate-shareholders-PLC-incorporation-v1.docx",✅ Success,
Company Formation & Governance,"General Incorporation, AoA, MoA, Registers, UBO, Board Resolutions",https://www.adgm.com/registration-authority/registration-and-incorporation,https://assets.adgm.com/download/assets/Registration-of-Branch.docx/aecaedfa5b1a11efbc8f2236104f0d0c,"adgm_rag_reference_3\Company_Formation_&_Governance\General_Incorporation,_AoA,_MoA,_Registers,_UBO,_Board_Resolutions\Registration-of-Branch.docx",✅ Success,
Company Formation & Governance,"General Incorporation, AoA, MoA, Registers, UBO, Board Resolutions",https://www.adgm.com/registration-authority/registration-and-incorporation,https://assets.adgm.com/download/assets/Registration-of-Branch-by-Management-Board.docx/ae5a2f665b1a11efbdd21e183375c0b2,"adgm_rag_reference_3\Company_Formation_&_Governance\General_Incorporation,_AoA,_MoA,_Registers,_UBO,_Board_Resolutions\Registration-of-Branch-by-Management-Board.docx",✅ Success,
Company Formation & Governance,"General Incorporation, AoA, MoA, Registers, UBO, Board Resolutions",https://www.adgm.com/registration-authority/registration-and-incorporation,https://assets.adgm.com/download/assets/Incorporation-by-Body-Corporate.docx/ae4604825b1a11ef85721e183375c0b2,"adgm_rag_reference_3\Company_Formation_&_Governance\General_Incorporation,_AoA,_MoA,_Registers,_UBO,_Board_Resolutions\Incorporation-by-Body-Corporate.docx",✅ Success,
Company Formation & Governance,"General Incorporation, AoA, MoA, Registers, UBO, Board Resolutions",https://www.adgm.com/registration-authority/registration-and-incorporation,https://assets.adgm.com/download/assets/Incorporation-by-Individual.docx/55cb9cd26c3a11ef9fdd56fe65da756e,"adgm_rag_reference_3\Company_Formation_&_Governance\General_Incorporation,_AoA,_MoA,_Registers,_UBO,_Board_Resolutions\Incorporation-by-Individual.docx",✅ Success,
Company Formation & Governance,"General Incorporation, AoA, MoA, Registers, UBO, Board Resolutions",https://www.adgm.com/registration-authority/registration-and-incorporation,https://assets.adgm.com/download/assets/Confirmation---Updated-Documents.docx/37b158785b1d11ef9a153abcfea0e32e,"adgm_rag_reference_3\Company_Formation_&_Governance\General_Incorporation,_AoA,_MoA,_Registers,_UBO,_Board_Resolutions\Confirmation---Updated-Documents.docx",✅ Success,
Company Formation & Governance,"General Incorporation, AoA, MoA, Registers, UBO, Board Resolutions",https://www.adgm.com/registration-authority/registration-and-incorporation,https://assets.adgm.com/download/assets/Confirmation---Valid-Current-Documents.docx/370c05305b1d11ef8d1a2236104f0d0c,"adgm_rag_reference_3\Company_Formation_&_Governance\General_Incorporation,_AoA,_MoA,_Registers,_UBO,_Board_Resolutions\Confirmation---Valid-Current-Documents.docx",✅ Success,
Company Formation,Resolution for Incorporation (LTD - Multiple Shareholders),https://assets.adgm.com/download/assets/adgm-ra-resolution-multiple-incorporate-shareholders-LTD-incorporation-v2.docx/186a12846c3911efa4e6c6223862cd87,https://assets.adgm.com/download/assets/adgm-ra-resolution-multiple-incorporate-shareholders-LTD-incorporation-v2.docx/186a12846c3911efa4e6c6223862cd87,adgm_rag_reference_3\Company_Formation\Resolution_for_Incorporation_(LTD_-_Multiple_Shareholders)\adgm-ra-resolution-multiple-incorporate-shareholders-LTD-incorporation-v2.docx,✅ Success,
Company Formation & Compliance,"Incorporation, SPV, LLC, Other Forms & Templates",https://www.adgm.com/setting-up,https://assets.adgm.com/download/assets/guidance+entity+types.pdf/7558e7aa63c811ef95f396f3abd4a36a,"adgm_rag_reference_3\Company_Formation_&_Compliance\Incorporation,_SPV,_LLC,_Other_Forms_&_Templates\guidance_entity_types.pdf",✅ Success,
Company Formation & Compliance,"Incorporation, SPV, LLC, Other Forms & Templates",https://www.adgm.com/setting-up,https://assets.adgm.com/download/assets/guidance+entity+types.pdf/7558e7aa63c811ef95f396f3abd4a36a,"adgm_rag_reference_3\Company_Formation_&_Compliance\Incorporation,_SPV,_LLC,_Other_Forms_&_Templates\guidance_entity_types.pdf",✅ Success,
Company Formation & Compliance,"Incorporation, SPV, LLC, Other Forms & Templates",https://www.adgm.com/setting-up,https://assets.adgm.com/download/assets/Branch+-+Financial+Services+and+Non-Financial+Services.pdf/c5bd08c65a4411efb9d83a701912a93f,"adgm_rag_reference_3\Company_Formation_&_Compliance\Incorporation,_SPV,_LLC,_Other_Forms_&_Templates\Branch_-_Financial_Services_and_Non-Financial_Services.pdf",✅ Success,
Company Formation & Compliance,"Incorporation, SPV, LLC, Other Forms & Templates",https://www.adgm.com/setting-up,https://assets.adgm.com/download/assets/Continue+LTD+into+ADGM.pdf/540ffc926b7e11ef895c96fe31b0af54,"adgm_rag_reference_3\Company_Formation_&_Compliance\Incorporation,_SPV,_LLC,_Other_Forms_&_Templates\Continue_LTD_into_ADGM.pdf",✅ Success,
Company Formation & Compliance,"Incorporation, SPV, LLC, Other Forms & Templates",https://www.adgm.com/setting-up,https://assets.adgm.com/download/assets/Limited+Liability+Partnership+-+Financial+and+Non-Financial+firms.pdf/581aa6b66b7e11efa51c0e7a9b09c175,"adgm_rag_reference_3\Company_Formation_&_Compliance\Incorporation,_SPV,_LLC,_Other_Forms_&_Templates\Limited_Liability_Partnership_-_Financial_and_Non-Financial_firms.pdf",✅ Success,
Company Formation & Compliance,"Incorporation, SPV, LLC, Other Forms & Templates",https://www.adgm.com/setting-up,https://assets.adgm.com/download/assets/Limited+Partnership+-+Financial+and+Non-Financial+Services.pdf/be0b27e4146511f0a51652b241d83089,"adgm_rag_reference_3\Company_Formation_&_Compliance\Incorporation,_SPV,_LLC,_Other_Forms_&_Templates\Limited_Partnership_-_Financial_and_Non-Financial_Services.pdf",✅ Success,
Company Formation & Compliance,"Incorporation, SPV, LLC, Other Forms & Templates",https://www.adgm.com/setting-up,https://assets.adgm.com/download/assets/Private+Company+Limited+by+Shares+-+Non-Financial+Services.pdf/c214f1f25a4411ef82f4b295bac3477d,"adgm_rag_reference_3\Company_Formation_&_Compliance\Incorporation,_SPV,_LLC,_Other_Forms_&_Templates\Private_Company_Limited_by_Shares_-_Non-Financial_Services.pdf",✅ Success,
Company Formation & Compliance,"Incorporation, SPV, LLC, Other Forms & Templates",https://www.adgm.com/setting-up,https://assets.adgm.com/download/assets/Private+Company+Limited+by+Shares+%28RSC%29+-+Non-Financial+Services.pdf/05047f3a146911f09e5d4e26c69fbfdf,"adgm_rag_reference_3\Company_Formation_&_Compliance\Incorporation,_SPV,_LLC,_Other_Forms_&_Templates\Private_Company_Limited_by_Shares_(RSC)_-_Non-Financial_Services.pdf",✅ Success,
Company Formation & Compliance,"Incorporation, SPV, LLC, Other Forms & Templates",https://www.adgm.com/setting-up,https://assets.adgm.com/download/assets/Private+Company+Limited+by+Shares+-+Retail.pdf/c06fff4a5a4411ef82f4b295bac3477d,"adgm_rag_reference_3\Company_Formation_&_Compliance\Incorporation,_SPV,_LLC,_Other_Forms_&_Templates\Private_Company_Limited_by_Shares_-_Retail.pdf",✅ Success,
Company Formation & Compliance,"Incorporation, SPV, LLC, Other Forms & Templates",https://www.adgm.com/setting-up,https://assets.adgm.com/download/assets/Registration+Authority+-+Foundation+Registration.pdf/232b48e21e7b11f083a7ea9748ad1a99,"adgm_rag_reference_3\Company_Formation_&_Compliance\Incorporation,_SPV,_LLC,_Other_Forms_&_Templates\Registration_Authority_-_Foundation_Registration.pdf",✅ Success,
Company Formation & Compliance,"Incorporation, SPV, LLC, Other Forms & Templates",https://www.adgm.com/setting-up,https://assets.adgm.com/download/assets/Registration+Authority+-+Foundation+Continuance+to+ADGM.pdf/23106d601e7b11f0a588d60c2a3d5cee,"adgm_rag_reference_3\Company_Formation_&_Compliance\Incorporation,_SPV,_LLC,_Other_Forms_&_Templates\Registration_Authority_-_Foundation_Continuance_to_ADGM.pdf",✅ Success,
Policy & Guidance,"Guidance, Templates, Policy Statements",https://www.adgm.com/legal-framework/guidance-and-policy-statements,https://assets.adgm.com/download/assets/Branch+-+Financial+Services+and+Non-Financial+Services.pdf/c5bd08c65a4411efb9d83a701912a93f,"adgm_rag_reference_3\Policy_&_Guidance\Guidance,_Templates,_Policy_Statements\Branch_-_Financial_Services_and_Non-Financial_Services.pdf",✅ Success,
Policy & Guidance,"Guidance, Templates, Policy Statements",https://www.adgm.com/legal-framework/guidance-and-policy-statements,https://assets.adgm.com/download/assets/Continue+LTD+into+ADGM.pdf/540ffc926b7e11ef895c96fe31b0af54,"adgm_rag_reference_3\Policy_&_Guidance\Guidance,_Templates,_Policy_Statements\Continue_LTD_into_ADGM.pdf",✅ Success,
Policy & Guidance,"Guidance, Templates, Policy Statements",https://www.adgm.com/legal-framework/guidance-and-policy-statements,https://assets.adgm.com/download/assets/Limited+Liability+Partnership+-+Financial+and+Non-Financial+firms.pdf/581aa6b66b7e11efa51c0e7a9b09c175,"adgm_rag_reference_3\Policy_&_Guidance\Guidance,_Templates,_Policy_Statements\Limited_Liability_Partnership_-_Financial_and_Non-Financial_firms.pdf",✅ Success,
Policy & Guidance,"Guidance, Templates, Policy Statements",https://www.adgm.com/legal-framework/guidance-and-policy-statements,https://assets.adgm.com/download/assets/Limited+Partnership+-+Financial+and+Non-Financial+Services.pdf/be0b27e4146511f0a51652b241d83089,"adgm_rag_reference_3\Policy_&_Guidance\Guidance,_Templates,_Policy_Statements\Limited_Partnership_-_Financial_and_Non-Financial_Services.pdf",✅ Success,
Policy & Guidance,"Guidance, Templates, Policy Statements",https://www.adgm.com/legal-framework/guidance-and-policy-statements,https://assets.adgm.com/download/assets/Private+Company+Limited+by+Shares+-+Non-Financial+Services.pdf/c214f1f25a4411ef82f4b295bac3477d,"adgm_rag_reference_3\Policy_&_Guidance\Guidance,_Templates,_Policy_Statements\Private_Company_Limited_by_Shares_-_Non-Financial_Services.pdf",✅ Success,
Policy & Guidance,"Guidance, Templates, Policy Statements",https://www.adgm.com/legal-framework/guidance-and-policy-statements,https://assets.adgm.com/download/assets/Private+Company+Limited+by+Shares+%28RSC%29+-+Non-Financial+Services.pdf/05047f3a146911f09e5d4e26c69fbfdf,"adgm_rag_reference_3\Policy_&_Guidance\Guidance,_Templates,_Policy_Statements\Private_Company_Limited_by_Shares_(RSC)_-_Non-Financial_Services.pdf",✅ Success,
Policy & Guidance,"Guidance, Templates, Policy Statements",https://www.adgm.com/legal-framework/guidance-and-policy-statements,https://assets.adgm.com/download/assets/Private+Company+Limited+by+Shares+-+Retail.pdf/c06fff4a5a4411ef82f4b295bac3477d,"adgm_rag_reference_3\Policy_&_Guidance\Guidance,_Templates,_Policy_Statements\Private_Company_Limited_by_Shares_-_Retail.pdf",✅ Success,
Policy & Guidance,"Guidance, Templates, Policy Statements",https://www.adgm.com/legal-framework/guidance-and-policy-statements,https://assets.adgm.com/download/assets/ADGM+Supplementary+Guidance+on+Whistleblowing+July+2025.pdf/d7b5cf686ead11ef9e10d26497c121fb,"adgm_rag_reference_3\Policy_&_Guidance\Guidance,_Templates,_Policy_Statements\ADGM_Supplementary_Guidance_on_Whistleblowing_July_2025.pdf",✅ Success,
Policy & Guidance,"Guidance, Templates, Policy Statements",https://www.adgm.com/legal-framework/guidance-and-policy-statements,https://assets.adgm.com/download/assets/Environmental+Social+and+Governance+Disclosures+Guidance+2024.pdf/2aaed5de6b9811ef8ab136d4a4edf9e6,"adgm_rag_reference_3\Policy_&_Guidance\Guidance,_Templates,_Policy_Statements\Environmental_Social_and_Governance_Disclosures_Guidance_2024.pdf",✅ Success,
Policy & Guidance,"Guidance, Templates, Policy Statements",https://www.adgm.com/legal-framework/guidance-and-policy-statements,https://assets.adgm.com/download/assets/Guidance-on-Revising-Defective-Accounts-and-Reports.pdf/313928d85ada11ef876b3ae0a3fed3c5,"adgm_rag_reference_3\Policy_&_Guidance\Guidance,_Templates,_Policy_Statements\Guidance-on-Revising-Defective-Accounts-and-Reports.pdf",✅ Success,
Policy & Guidance,"Guidance, Templates, Policy Statements",https://www.adgm.com/legal-framework/guidance-and-policy-statements,https://assets.adgm.com/download/assets/RA-Annual-Accounts-Guidance-V10-09092022.pdf/30a374e65ada11ef92bcda675695d30e,"adgm_rag_reference_3\Policy_&_Guidance\Guidance,_Templates,_Policy_Statements\RA-Annual-Accounts-Guidance-V10-09092022.pdf",✅ Success,
Policy & Guidance,"Guidance, Templates, Policy Statements",https://www.adgm.com/legal-framework/guidance-and-policy-statements,https://assets.adgm.com/download/assets/ADGM+Unaudited+Small+Companies+Regime+Balance+Sheet+Template-unofficial.docx/03f060366b9b11efae4b6ad8e5bcaa80,"adgm_rag_reference_3\Policy_&_Guidance\Guidance,_Templates,_Policy_Statements\ADGM_Unaudited_Small_Companies_Regime_Balance_Sheet_Template-unofficial.docx",✅ Success,
Policy & Guidance,"Guidance, Templates, Policy Statements",https://www.adgm.com/legal-framework/guidance-and-policy-statements,https://assets.adgm.com/download/assets/Beneficial+Ownership+and+Control+Guidance+2021.pdf/628c9b6e6b9b11efbc29f277c33965bd,"adgm_rag_reference_3\Policy_&_Guidance\Guidance,_Templates,_Policy_Statements\Beneficial_Ownership_and_Control_Guidance_2021.pdf",✅ Success,
Policy & Guidance,"Guidance, Templates, Policy Statements",https://www.adgm.com/legal-framework/guidance-and-policy-statements,https://assets.adgm.com/download/assets/license_renewal_guide_updated-draft-v3-5.pdf/1b60b94a6b9c11ef858fdaed20215b4a,"adgm_rag_reference_3\Policy_&_Guidance\Guidance,_Templates,_Policy_Statements\license_renewal_guide_updated-draft-v3-5.pdf",✅ Success,
Policy & Guidance,"Guidance, Templates, Policy Statements",https://www.adgm.com/legal-framework/guidance-and-policy-statements,https://assets.adgm.com/download/assets/Consent-Letter-to-share-office-v10.docx/87ac7eae6b9c11efb5d5425c071764da,"adgm_rag_reference_3\Policy_&_Guidance\Guidance,_Templates,_Policy_Statements\Consent-Letter-to-share-office-v10.docx",✅ Success,
Policy & Guidance,"Guidance, Templates, Policy Statements",https://www.adgm.com/legal-framework/guidance-and-policy-statements,https://assets.adgm.com/download/assets/Guidance+on+Exemptions+from+the+requirement+to+appoint+a+CSP+08-04-2021.pdf/53ae37646b7e11ef93e5daed20215b4a,"adgm_rag_reference_3\Policy_&_Guidance\Guidance,_Templates,_Policy_Statements\Guidance_on_Exemptions_from_the_requirement_to_appoint_a_CSP_08-04-2021.pdf",✅ Success,
Policy & Guidance,"Guidance, Templates, Policy Statements",https://www.adgm.com/legal-framework/guidance-and-policy-statements,https://assets.adgm.com/download/assets/Resolution-Change-of-Registered-office-Address.docx/19e84aa06b9d11ef814a22585707a254,"adgm_rag_reference_3\Policy_&_Guidance\Guidance,_Templates,_Policy_Statements\Resolution-Change-of-Registered-office-Address.docx",✅ Success,
Policy & Guidance,"Guidance, Templates, Policy Statements",https://www.adgm.com/legal-framework/guidance-and-policy-statements,https://assets.adgm.com/download/assets/Guidance+on+Exemptions+from+the+requirement+to+appoint+a+CSP++08-04-2021+%281%29.pdf/91519c726b9d11efbb0df2d590e1d568,"adgm_rag_reference_3\Policy_&_Guidance\Guidance,_Templates,_Policy_Statements\Guidance_on_Exemptions_from_the_requirement_to_appoint_a_CSP_08-04-2021_(1).pdf",✅ Success,
Policy & Guidance,"Guidance, Templates, Policy Statements",https://www.adgm.com/legal-framework/guidance-and-policy-statements,https://assets.adgm.com/download/assets/Annual+Accounts+Extension+Guidance+V2.pdf/2e6add9c702c11efabe4dea253131be4,"adgm_rag_reference_3\Policy_&_Guidance\Guidance,_Templates,_Policy_Statements\Annual_Accounts_Extension_Guidance_V2.pdf",✅ Success,
Policy & Guidance,"Guidance, Templates, Policy Statements",https://www.adgm.com/legal-framework/guidance-and-policy-statements,https://assets.adgm.com/download/assets/Guidance+on+client+money+-+March+2023.pdf/3c469f6e6b9f11ef9cf352304907f450,"adgm_rag_reference_3\Policy_&_Guidance\Guidance,_Templates,_Policy_Statements\Guidance_on_client_money_-_March_2023.pdf",✅ Success,
Policy & Guidance,"Guidance, Templates, Policy Statements",https://www.adgm.com/legal-framework/guidance-and-policy-statements,https://assets.adgm.com/download/assets/hotels_tourism_establishments_guide_v1_april_2017.pdf/8e79caf46b9f11efaf9b6a9f632a70c3,"adgm_rag_reference_3\Policy_&_Guidance\Guidance,_Templates,_Policy_Statements\hotels_tourism_establishments_guide_v1_april_2017.pdf",✅ Success,
Policy & Guidance,"Guidance, Templates, Policy Statements",https://www.adgm.com/legal-framework/guidance-and-policy-statements,https://assets.adgm.com/download/assets/guidance_charges_ver11_20180509.pdf/c53673f86b9f11ef8c2bf2d590e1d568,"adgm_rag_reference_3\Policy_&_Guidance\Guidance,_Templates,_Policy_Statements\guidance_charges_ver11_20180509.pdf",✅ Success,
Policy & Guidance,"Guidance, Templates, Policy Statements",https://www.adgm.com/legal-framework/guidance-and-policy-statements,https://assets.adgm.com/download/assets/ADGM+RA+Service+of+Alcohol+Guidance.pdf/21a48f626ba011efa441daed20215b4a,"adgm_rag_reference_3\Policy_&_Guidance\Guidance,_Templates,_Policy_Statements\ADGM_RA_Service_of_Alcohol_Guidance.pdf",✅ Success,
Policy & Guidance,"Guidance, Templates, Policy Statements",https://www.adgm.com/legal-framework/guidance-and-policy-statements,https://assets.adgm.com/download/assets/guidancenotes_tradenames_v1.pdf/5fc547aa6ba011efbe4e36d4a4edf9e6,"adgm_rag_reference_3\Policy_&_Guidance\Guidance,_Templates,_Policy_Statements\guidancenotes_tradenames_v1.pdf",✅ Success,
Policy & Guidance,"Guidance, Templates, Policy Statements",https://www.adgm.com/legal-framework/guidance-and-policy-statements,https://assets.adgm.com/download/assets/Voluntary+Liquidation+Guidance+2023.pdf/a9bef0c26ba011efb5d68e0c4123aa28,"adgm_rag_reference_3\Policy_&_Guidance\Guidance,_Templates,_Policy_Statements\Voluntary_Liquidation_Guidance_2023.pdf",✅ Success,
Policy & Guidance,"Guidance, Templates, Policy Statements",https://www.adgm.com/legal-framework/guidance-and-policy-statements,https://assets.adgm.com/download/assets/adgm-onshore-government-authorities-approval-guidelines-003.docx/19a406fa6ba311ef93986a9f632a70c3,"adgm_rag_reference_3\Policy_&_Guidance\Guidance,_Templates,_Policy_Statements\adgm-onshore-government-authorities-approval-guidelines-003.docx",✅ Success,
Policy & Guidance,"Guidance, Templates, Policy Statements",https://www.adgm.com/legal-framework/guidance-and-policy-statements,https://assets.adgm.com/download/assets/adgmtemplate_reso_changeaccountingrefdate_ver100_2016-10-05.docx/984fc76a6c1f11ef8fcda2155970a494,"adgm_rag_reference_3\Policy_&_Guidance\Guidance,_Templates,_Policy_Statements\adgmtemplate_reso_changeaccountingrefdate_ver100_2016-10-05.docx",✅ Success,
Policy & Guidance,"Guidance, Templates, Policy Statements",https://www.adgm.com/legal-framework/guidance-and-policy-statements,https://assets.adgm.com/download/assets/adgmtemplate_reso_changeaccountingrefdate_ver100_2016-10-05+%281%29.docx/d299bb566c1f11efa86a9eb08f3e0faf,"adgm_rag_reference_3\Policy_&_Guidance\Guidance,_Templates,_Policy_Statements\adgmtemplate_reso_changeaccountingrefdate_ver100_2016-10-05_(1).docx",✅ Success,
Policy & Guidance,"Guidance, Templates, Policy Statements",https://www.adgm.com/legal-framework/guidance-and-policy-statements,https://assets.adgm.com/download/assets/adgmtemplate_reso_auditorappt_ver100_2016-10-05.docx/156a70566c2011efb96f8ab514a490b9,"adgm_rag_reference_3\Policy_&_Guidance\Guidance,_Templates,_Policy_Statements\adgmtemplate_reso_auditorappt_ver100_2016-10-05.docx",✅ Success,
Policy & Guidance,"Guidance, Templates, Policy Statements",https://www.adgm.com/legal-framework/guidance-and-policy-statements,https://assets.adgm.com/download/assets/adgmtemplate_reso_auditorremovalreplacement_ver100_2016-10-05.docx/53cb002c6c2011ef9197965526a13035,"adgm_rag_reference_3\Policy_&_Guidance\Guidance,_Templates,_Policy_Statements\adgmtemplate_reso_auditorremovalreplacement_ver100_2016-10-05.docx",✅ Success,
Policy & Guidance,"Guidance, Templates, Policy Statements",https://www.adgm.com/legal-framework/guidance-and-policy-statements,https://assets.adgm.com/download/assets/adgmtemplate_reso_alternativelocation_ver100_2016-10-05.docx/905e6fec6c2011efb0d1464de50e5904,"adgm_rag_reference_3\Policy_&_Guidance\Guidance,_Templates,_Policy_Statements\adgmtemplate_reso_alternativelocation_ver100_2016-10-05.docx",✅ Success,
Policy & Guidance,"Guidance, Templates, Policy Statements",https://www.adgm.com/legal-framework/guidance-and-policy-statements,https://assets.adgm.com/download/assets/adgmtemplate_reso_movetoalternativelocation_ver100_2016-10-05.docx/c6b4c80c6c2011ef98546ad8e5bcaa80,"adgm_rag_reference_3\Policy_&_Guidance\Guidance,_Templates,_Policy_Statements\adgmtemplate_reso_movetoalternativelocation_ver100_2016-10-05.docx",✅ Success,
Policy & Guidance,"Guidance, Templates, Policy Statements",https://www.adgm.com/legal-framework/guidance-and-policy-statements,https://assets.adgm.com/download/assets/adgmtemplate_reso_movetoregisteredofficeaddress_ver100_2016-10-05.docx/0dcf68506c2111ef842fe25b49ff43cd,"adgm_rag_reference_3\Policy_&_Guidance\Guidance,_Templates,_Policy_Statements\adgmtemplate_reso_movetoregisteredofficeaddress_ver100_2016-10-05.docx",✅ Success,
Policy & Guidance,"Guidance, Templates, Policy Statements",https://www.adgm.com/legal-framework/guidance-and-policy-statements,https://assets.adgm.com/download/assets/adgmtemplate_reso_authorisedsignatoryappt_ver100_2016-10-05.docx/4c03704e6c2111efb4719eb08f3e0faf,"adgm_rag_reference_3\Policy_&_Guidance\Guidance,_Templates,_Policy_Statements\adgmtemplate_reso_authorisedsignatoryappt_ver100_2016-10-05.docx",✅ Success,
Policy & Guidance,"Guidance, Templates, Policy Statements",https://www.adgm.com/legal-framework/guidance-and-policy-statements,https://assets.adgm.com/download/assets/adgmtemplate_reso_authorisedsignatoryresignation_ver100_2016-10-05.docx/a80821646c2111efb6579eb08f3e0faf,"adgm_rag_reference_3\Policy_&_Guidance\Guidance,_Templates,_Policy_Statements\adgmtemplate_reso_authorisedsignatoryresignation_ver100_2016-10-05.docx",✅ Success,
Policy & Guidance,"Guidance, Templates, Policy Statements",https://www.adgm.com/legal-framework/guidance-and-policy-statements,https://assets.adgm.com/download/assets/adgmtemplate_reso_authorisedsignatoryremovalreplacement_ver100_2016-10-05.docx/e6d24b546c2111efb67c9eb08f3e0faf,"adgm_rag_reference_3\Policy_&_Guidance\Guidance,_Templates,_Policy_Statements\adgmtemplate_reso_authorisedsignatoryremovalreplacement_ver100_2016-10-05.docx",✅ Success,
Policy & Guidance,"Guidance, Templates, Policy Statements",https://www.adgm.com/legal-framework/guidance-and-policy-statements,https://assets.adgm.com/download/assets/adgmtemplate_reso_directorappt_ver100_2016-10-05.docx/28c5a3d06c2211ef8c651e84201c1dbb,"adgm_rag_reference_3\Policy_&_Guidance\Guidance,_Templates,_Policy_Statements\adgmtemplate_reso_directorappt_ver100_2016-10-05.docx",✅ Success,
Policy & Guidance,"Guidance, Templates, Policy Statements",https://www.adgm.com/legal-framework/guidance-and-policy-statements,https://assets.adgm.com/download/assets/adgmtemplate_shreso_directorappt_2016-09_ver100_2016-10-05.docx/5b370bce6c2211ef9d4cdec3f81b7a98,"adgm_rag_reference_3\Policy_&_Guidance\Guidance,_Templates,_Policy_Statements\adgmtemplate_shreso_directorappt_2016-09_ver100_2016-10-05.docx",✅ Success,
Policy & Guidance,"Guidance, Templates, Policy Statements",https://www.adgm.com/legal-framework/guidance-and-policy-statements,https://assets.adgm.com/download/assets/adgmtemplate_reso_directorresignation_ver100_2016-10-05.docx/951920486c2211ef87e58a327d741d9d,"adgm_rag_reference_3\Policy_&_Guidance\Guidance,_Templates,_Policy_Statements\adgmtemplate_reso_directorresignation_ver100_2016-10-05.docx",✅ Success,
Policy & Guidance,"Guidance, Templates, Policy Statements",https://www.adgm.com/legal-framework/guidance-and-policy-statements,https://assets.adgm.com/download/assets/adgmtemplate_reso_directorremovalreplacement_ver100_2016-10-05.docx/cfc08f4c6c2211efba85527b7dbf507c,"adgm_rag_reference_3\Policy_&_Guidance\Guidance,_Templates,_Policy_Statements\adgmtemplate_reso_directorremovalreplacement_ver100_2016-10-05.docx",✅ Success,
Policy & Guidance,"Guidance, Templates, Policy Statements",https://www.adgm.com/legal-framework/guidance-and-policy-statements,https://assets.adgm.com/download/assets/consenttoactasdirector_ver100_2016-10-05.docx/ff783e6a6c2211ef8a67a2155970a494,"adgm_rag_reference_3\Policy_&_Guidance\Guidance,_Templates,_Policy_Statements\consenttoactasdirector_ver100_2016-10-05.docx",✅ Success,
Policy & Guidance,"Guidance, Templates, Policy Statements",https://www.adgm.com/legal-framework/guidance-and-policy-statements,https://assets.adgm.com/download/assets/letterofresignaton_director_ver100_2016-10-05.docx/5a17e9f66c2311efb5c4ea78beb009e8,"adgm_rag_reference_3\Policy_&_Guidance\Guidance,_Templates,_Policy_Statements\letterofresignaton_director_ver100_2016-10-05.docx",✅ Success,
Policy & Guidance,"Guidance, Templates, Policy Statements",https://www.adgm.com/legal-framework/guidance-and-policy-statements,https://assets.adgm.com/download/assets/adgm-ra-continuance-directors-statement-of-solvency-v1.docx/ade3fef86c2311efb4732e2aef7e25a3,"adgm_rag_reference_3\Policy_&_Guidance\Guidance,_Templates,_Policy_Statements\adgm-ra-continuance-directors-statement-of-solvency-v1.docx",✅ Success,
Policy & Guidance,"Guidance, Templates, Policy Statements",https://www.adgm.com/legal-framework/guidance-and-policy-statements,https://assets.adgm.com/download/assets/adgmtemplate_reso_namechange_ver100_2016-10-05.docx/e658f02c6c2311ef9e109eb08f3e0faf,"adgm_rag_reference_3\Policy_&_Guidance\Guidance,_Templates,_Policy_Statements\adgmtemplate_reso_namechange_ver100_2016-10-05.docx",✅ Success,
Policy & Guidance,"Guidance, Templates, Policy Statements",https://www.adgm.com/legal-framework/guidance-and-policy-statements,https://assets.adgm.com/download/assets/adgmtemplate_reso_secretaryappt_ver100_2018-10-05.docx/4ea6796a6c2411ef8a436ad8e5bcaa80,"adgm_rag_reference_3\Policy_&_Guidance\Guidance,_Templates,_Policy_Statements\adgmtemplate_reso_secretaryappt_ver100_2018-10-05.docx",✅ Success,
Policy & Guidance,"Guidance, Templates, Policy Statements",https://www.adgm.com/legal-framework/guidance-and-policy-statements,https://assets.adgm.com/download/assets/adgmtemplate_reso_secretaryresignation_ver100_2016-10-05.docx/9c7302806c2411efa5b23694ec5f88cc,"adgm_rag_reference_3\Policy_&_Guidance\Guidance,_Templates,_Policy_Statements\adgmtemplate_reso_secretaryresignation_ver100_2016-10-05.docx",✅ Success,
Policy & Guidance,"Guidance, Templates, Policy Statements",https://www.adgm.com/legal-framework/guidance-and-policy-statements,https://assets.adgm.com/download/assets/adgmtemplate_reso_secretaryremovalreplacement_ver100_2016-10-05.docx/d57096ce6c2411ef961d42653b845091,"adgm_rag_reference_3\Policy_&_Guidance\Guidance,_Templates,_Policy_Statements\adgmtemplate_reso_secretaryremovalreplacement_ver100_2016-10-05.docx",✅ Success,
Policy & Guidance,"Guidance, Templates, Policy Statements",https://www.adgm.com/legal-framework/guidance-and-policy-statements,https://assets.adgm.com/download/assets/consenttoactassecretary_ver100_2016-10-05.docx/163e4dd66c2511efa722965526a13035,"adgm_rag_reference_3\Policy_&_Guidance\Guidance,_Templates,_Policy_Statements\consenttoactassecretary_ver100_2016-10-05.docx",✅ Success,
Policy & Guidance,"Guidance, Templates, Policy Statements",https://www.adgm.com/legal-framework/guidance-and-policy-statements,https://assets.adgm.com/download/assets/adgmtemplate_reso_secretaryresignation_ver100_2016-10-05+%281%29.docx/4a8a396a6c2511ef8201a6284e1d59c1,"adgm_rag_reference_3\Policy_&_Guidance\Guidance,_Templates,_Policy_Statements\adgmtemplate_reso_secretaryresignation_ver100_2016-10-05_(1).docx",✅ Success,
Policy & Guidance,"Guidance, Templates, Policy Statements",https://www.adgm.com/legal-framework/guidance-and-policy-statements,https://assets.adgm.com/download/assets/adgmtemplate_reso_sharetransfer_2016-09_ver100_2016-10-05.docx/8c2d38066c3711efb051fe7434582912,"adgm_rag_reference_3\Policy_&_Guidance\Guidance,_Templates,_Policy_Statements\adgmtemplate_reso_sharetransfer_2016-09_ver100_2016-10-05.docx",✅ Success,
Policy & Guidance,"Guidance, Templates, Policy Statements",https://www.adgm.com/legal-framework/guidance-and-policy-statements,https://assets.adgm.com/download/assets/Registration-of-Branch.docx/aecaedfa5b1a11efbc8f2236104f0d0c,"adgm_rag_reference_3\Policy_&_Guidance\Guidance,_Templates,_Policy_Statements\Registration-of-Branch.docx",✅ Success,
Policy & Guidance,"Guidance, Templates, Policy Statements",https://www.adgm.com/legal-framework/guidance-and-policy-statements,https://assets.adgm.com/download/assets/Registration-of-Branch-by-Management-Board-v2.docx/0131ad6c6c3811efaccf3694ec5f88cc,"adgm_rag_reference_3\Policy_&_Guidance\Guidance,_Templates,_Policy_Statements\Registration-of-Branch-by-Management-Board-v2.docx",✅ Success,
Policy & Guidance,"Guidance, Templates, Policy Statements",https://www.adgm.com/legal-framework/guidance-and-policy-statements,https://assets.adgm.com/download/assets/Registration-of-Branch-by-Board-of-Directors-v2.docx/634ae4be6c3811ef9b92e6efd6850124,"adgm_rag_reference_3\Policy_&_Guidance\Guidance,_Templates,_Policy_Statements\Registration-of-Branch-by-Board-of-Directors-v2.docx",✅ Success,
Policy & Guidance,"Guidance, Templates, Policy Statements",https://www.adgm.com/legal-framework/guidance-and-policy-statements,https://assets.adgm.com/download/assets/adgm-ra-resolution-incorporation-ltd-corporate-shareholder-v2.docx/983698446c3811efbf7cfe7434582912,"adgm_rag_reference_3\Policy_&_Guidance\Guidance,_Templates,_Policy_Statements\adgm-ra-resolution-incorporation-ltd-corporate-shareholder-v2.docx",✅ Success,
Policy & Guidance,"Guidance, Templates, Policy Statements",https://www.adgm.com/legal-framework/guidance-and-policy-statements,https://assets.adgm.com/download/assets/adgm-ra-resolution-incorporation-LTG-corporate-shareholder-v2.docx/c8acd68c6c3811efbd0d6ad8e5bcaa80,"adgm_rag_reference_3\Policy_&_Guidance\Guidance,_Templates,_Policy_Statements\adgm-ra-resolution-incorporation-LTG-corporate-shareholder-v2.docx",✅ Success,
Policy & Guidance,"Guidance, Templates, Policy Statements",https://www.adgm.com/legal-framework/guidance-and-policy-statements,https://assets.adgm.com/download/assets/adgm-ra-resolution-multiple-incorporate-shareholders-LTD-incorporation-v2.docx/186a12846c3911efa4e6c6223862cd87,"adgm_rag_reference_3\Policy_&_Guidance\Guidance,_Templates,_Policy_Statements\adgm-ra-resolution-multiple-incorporate-shareholders-LTD-incorporation-v2.docx",✅ Success,
Policy & Guidance,"Guidance, Templates, Policy Statements",https://www.adgm.com/legal-framework/guidance-and-policy-statements,https://assets.adgm.com/download/assets/adgm-ra-resolution-multiple-individual-founding-members-LTG-incorporation-v2.docx/5c5876166c3911ef9d0856fe65da756e,"adgm_rag_reference_3\Policy_&_Guidance\Guidance,_Templates,_Policy_Statements\adgm-ra-resolution-multiple-individual-founding-members-LTG-incorporation-v2.docx",✅ Success,
Policy & Guidance,"Guidance, Templates, Policy Statements",https://www.adgm.com/legal-framework/guidance-and-policy-statements,https://assets.adgm.com/download/assets/adgm-ra-resolution-single-individual-shareholder-LTD-incorporation-v2.docx/f160dbe06c3911efa22adaed20215b4a,"adgm_rag_reference_3\Policy_&_Guidance\Guidance,_Templates,_Policy_Statements\adgm-ra-resolution-single-individual-shareholder-LTD-incorporation-v2.docx",✅ Success,
Policy & Guidance,"Guidance, Templates, Policy Statements",https://www.adgm.com/legal-framework/guidance-and-policy-statements,https://assets.adgm.com/download/assets/adgm-ra-resolution-single-individual-founding-member-LTG-incorporation-v2.docx/238f64e26c3a11ef8a91f2d590e1d568,"adgm_rag_reference_3\Policy_&_Guidance\Guidance,_Templates,_Policy_Statements\adgm-ra-resolution-single-individual-founding-member-LTG-incorporation-v2.docx",✅ Success,
Policy & Guidance,"Guidance, Templates, Policy Statements",https://www.adgm.com/legal-framework/guidance-and-policy-statements,https://assets.adgm.com/download/assets/Incorporation-by-Individual.docx/55cb9cd26c3a11ef9fdd56fe65da756e,"adgm_rag_reference_3\Policy_&_Guidance\Guidance,_Templates,_Policy_Statements\Incorporation-by-Individual.docx",✅ Success,
Policy & Guidance,"Guidance, Templates, Policy Statements",https://www.adgm.com/legal-framework/guidance-and-policy-statements,https://assets.adgm.com/download/assets/Register-of-Directors-template-v1.docx/5fe5cdc26ba511ef92f68ef69f84fa1c,"adgm_rag_reference_3\Policy_&_Guidance\Guidance,_Templates,_Policy_Statements\Register-of-Directors-template-v1.docx",✅ Success,
Policy & Guidance,"Guidance, Templates, Policy Statements",https://www.adgm.com/legal-framework/guidance-and-policy-statements,https://assets.adgm.com/download/assets/template_registerofcharges.docx/997024166ba511ef848af2551d9dca04,"adgm_rag_reference_3\Policy_&_Guidance\Guidance,_Templates,_Policy_Statements\template_registerofcharges.docx",✅ Success,
Policy & Guidance,"Guidance, Templates, Policy Statements",https://www.adgm.com/legal-framework/guidance-and-policy-statements,https://assets.adgm.com/download/assets/template_registerofdirresadd.docx/ef0466806ba511efbbbd8ef69f84fa1c,"adgm_rag_reference_3\Policy_&_Guidance\Guidance,_Templates,_Policy_Statements\template_registerofdirresadd.docx",✅ Success,
Policy & Guidance,"Guidance, Templates, Policy Statements",https://www.adgm.com/legal-framework/guidance-and-policy-statements,https://assets.adgm.com/download/assets/template_registerofmember.docx/3429e6906ba611efa0541ef10b1e0723,"adgm_rag_reference_3\Policy_&_Guidance\Guidance,_Templates,_Policy_Statements\template_registerofmember.docx",✅ Success,
Policy & Guidance,"Guidance, Templates, Policy Statements",https://www.adgm.com/legal-framework/guidance-and-policy-statements,https://assets.adgm.com/download/assets/template_registerofmemberltg.docx/7e82af606ba611efb16b3e91a5dc25f0,"adgm_rag_reference_3\Policy_&_Guidance\Guidance,_Templates,_Policy_Statements\template_registerofmemberltg.docx",✅ Success,
Policy & Guidance,"Guidance, Templates, Policy Statements",https://www.adgm.com/legal-framework/guidance-and-policy-statements,https://assets.adgm.com/download/assets/template_registerofdircorp.docx/e395d3f06ba611efbc5cae6d7891492b,"adgm_rag_reference_3\Policy_&_Guidance\Guidance,_Templates,_Policy_Statements\template_registerofdircorp.docx",✅ Success,
Policy & Guidance,"Guidance, Templates, Policy Statements",https://www.adgm.com/legal-framework/guidance-and-policy-statements,https://assets.adgm.com/download/assets/template_registerofseccorp.docx/2146026a6ba711ef887dfee8cbf8e6f6,"adgm_rag_reference_3\Policy_&_Guidance\Guidance,_Templates,_Policy_Statements\template_registerofseccorp.docx",✅ Success,
Policy & Guidance,"Guidance, Templates, Policy Statements",https://www.adgm.com/legal-framework/guidance-and-policy-statements,https://assets.adgm.com/download/assets/template_sharecertificate.docx/51f54a7e6ba711efad963694ec5f88cc,"adgm_rag_reference_3\Policy_&_Guidance\Guidance,_Templates,_Policy_Statements\template_sharecertificate.docx",✅ Success,
Policy & Guidance,"Guidance, Templates, Policy Statements",https://www.adgm.com/legal-framework/guidance-and-policy-statements,https://assets.adgm.com/download/assets/Source+of+wealth+declaration+form_FINAL_11072021.docx/984d935a6ba711ef97a83e91a5dc25f0,"adgm_rag_reference_3\Policy_&_Guidance\Guidance,_Templates,_Policy_Statements\Source_of_wealth_declaration_form_FINAL_11072021.docx",✅ Success,
Policy & Guidance,"Guidance, Templates, Policy Statements",https://www.adgm.com/legal-framework/guidance-and-policy-statements,https://assets.adgm.com/download/assets/20231206-Record-of-Beneficial-Owners.docx/398b8cfe5a2d11efbdf0da6109054d88,"adgm_rag_reference_3\Policy_&_Guidance\Guidance,_Templates,_Policy_Statements\20231206-Record-of-Beneficial-Owners.docx",✅ Success,
Policy & Guidance,"Guidance, Templates, Policy Statements",https://www.adgm.com/legal-framework/guidance-and-policy-statements,https://assets.adgm.com/download/assets/Decision+Procedures+Disqualification+and+Enforcement+Manual+December+2022.pdf/2985529a612111efbfe5465da21f1fc6,"adgm_rag_reference_3\Policy_&_Guidance\Guidance,_Templates,_Policy_Statements\Decision_Procedures_Disqualification_and_Enforcement_Manual_March_2025.pdf",✅ Success,
Policy & Guidance,"Guidance, Templates, Policy Statements",https://www.adgm.com/legal-framework/guidance-and-policy-statements,https://assets.adgm.com/download/assets/ADGM+RA+Name+self+declaration+v2.docx/f11b84e66ba811ef9255e2aef2adf5b1,"adgm_rag_reference_3\Policy_&_Guidance\Guidance,_Templates,_Policy_Statements\ADGM_RA_Name_self_declaration_v2.docx",✅ Success,
Policy & Guidance,"Guidance, Templates, Policy Statements",https://www.adgm.com/legal-framework/guidance-and-policy-statements,https://assets.adgm.com/download/assets/ADGM+Statutory+Demand.docx/4fa8fab66ba911ef99ca924525d7eeee,"adgm_rag_reference_3\Policy_&_Guidance\Guidance,_Templates,_Policy_Statements\ADGM_Statutory_Demand.docx",✅ Success,
Policy & Guidance,"Guidance, Templates, Policy Statements",https://www.adgm.com/legal-framework/guidance-and-policy-statements,https://assets.adgm.com/download/assets/ADGM-RA-Statement-of-Affairs.docx/76238a586ba911ef9736425c071764da,"adgm_rag_reference_3\Policy_&_Guidance\Guidance,_Templates,_Policy_Statements\ADGM-RA-Statement-of-Affairs.docx",✅ Success,
Policy & Guidance,"Guidance, Templates, Policy Statements",https://www.adgm.com/legal-framework/guidance-and-policy-statements,https://assets.adgm.com/download/assets/ADGM+RA+Statement+of+Concurrence.docx/b1f3809c6ba911ef9a31324080d98e91,"adgm_rag_reference_3\Policy_&_Guidance\Guidance,_Templates,_Policy_Statements\ADGM_RA_Statement_of_Concurrence.docx",✅ Success,
Policy & Guidance,"Guidance, Templates, Policy Statements",https://www.adgm.com/legal-framework/guidance-and-policy-statements,https://assets.adgm.com/download/assets/Nominee-Arrangement-Confirmation-Role-Holder-Nominee-Company.docx/e1efb5366ba911ef8992c68d6daf3988,"adgm_rag_reference_3\Policy_&_Guidance\Guidance,_Templates,_Policy_Statements\Nominee-Arrangement-Confirmation-Role-Holder-Nominee-Company.docx",✅ Success,
Policy & Guidance,"Guidance, Templates, Policy Statements",https://www.adgm.com/legal-framework/guidance-and-policy-statements,https://assets.adgm.com/download/assets/Nominee-Arrangement-Confirmation-Role-Holder-Nominee-Foundation.docx/102aa6906baa11efb7f2324080d98e91,"adgm_rag_reference_3\Policy_&_Guidance\Guidance,_Templates,_Policy_Statements\Nominee-Arrangement-Confirmation-Role-Holder-Nominee-Foundation.docx",✅ Success,
Policy & Guidance,"Guidance, Templates, Policy Statements",https://www.adgm.com/legal-framework/guidance-and-policy-statements,https://assets.adgm.com/download/assets/NomineeArrangementConfirmationShareholderUBOV1120201006-002.docx/439939d86baa11efbd8f3e91a5dc25f0,"adgm_rag_reference_3\Policy_&_Guidance\Guidance,_Templates,_Policy_Statements\NomineeArrangementConfirmationShareholderUBOV1120201006-002.docx",✅ Success,
Policy & Guidance,"Guidance, Templates, Policy Statements",https://www.adgm.com/legal-framework/guidance-and-policy-statements,https://assets.adgm.com/download/assets/Nominee-Arragement-Confirmation-Role-Holder-Nominee-Partnership.docx/87bc3dd06bab11efa545ae6d7891492b,"adgm_rag_reference_3\Policy_&_Guidance\Guidance,_Templates,_Policy_Statements\Nominee-Arragement-Confirmation-Role-Holder-Nominee-Partnership.docx",✅ Success,
Policy & Guidance,"Guidance, Templates, Policy Statements",https://www.adgm.com/legal-framework/guidance-and-policy-statements,https://assets.adgm.com/download/assets/Guidance+-+Listing+Applications+and+Eligibility+VER01.100425.pdf/50ed49ec1b5611f083e7a2b54275a7db,"adgm_rag_reference_3\Policy_&_Guidance\Guidance,_Templates,_Policy_Statements\Guidance_-_Listing_Applications_and_Eligibility_VER01.100425.pdf",✅ Success,
Policy & Guidance,"Guidance, Templates, Policy Statements",https://www.adgm.com/legal-framework/guidance-and-policy-statements,https://assets.adgm.com/download/assets/Information+Technology+Risk+Management+Guidance+20241120.pdf/014f7430a71811efa4b7bae6ac7fc29c,"adgm_rag_reference_3\Policy_&_Guidance\Guidance,_Templates,_Policy_Statements\Information_Technology_Risk_Management_Guidance_20241120.pdf",✅ Success,
Policy & Guidance,"Guidance, Templates, Policy Statements",https://www.adgm.com/legal-framework/guidance-and-policy-statements,https://assets.adgm.com/download/assets/Guidance+on+ESG+Funds+and+Model+Portfolios+in+ADGM+20241114.pdf/b7af82d0a24811ef88e35e43f9d4d032,"adgm_rag_reference_3\Policy_&_Guidance\Guidance,_Templates,_Policy_Statements\Guidance_on_ESG_Funds_and_Model_Portfolios_in_ADGM_20241114.pdf",✅ Success,
Policy & Guidance,"Guidance, Templates, Policy Statements",https://www.adgm.com/legal-framework/guidance-and-policy-statements,https://assets.adgm.com/download/assets/ADGM+Supplementary+Guidance+on+Whistleblowing+July+2025.pdf/d7b5cf686ead11ef9e10d26497c121fb,"adgm_rag_reference_3\Policy_&_Guidance\Guidance,_Templates,_Policy_Statements\ADGM_Supplementary_Guidance_on_Whistleblowing_July_2025.pdf",✅ Success,
Policy & Guidance,"Guidance, Templates, Policy Statements",https://www.adgm.com/legal-framework/guidance-and-policy-statements,https://assets.adgm.com/download/assets/Guidance+on+Preparing+Prospectus+20240220.pdf/fa52c4446c3d11efa2ffceb90f04ee40,"adgm_rag_reference_3\Policy_&_Guidance\Guidance,_Templates,_Policy_Statements\Guidance_on_Preparing_Prospectus_20240220.pdf",✅ Success,
Policy & Guidance,"Guidance, Templates, Policy Statements",https://www.adgm.com/legal-framework/guidance-and-policy-statements,https://assets.adgm.com/download/assets/Effective+Management+of+Climate-related+Financial+Risks+Guidance+20231004.pdf/59b8ebee6c3d11efb4a56ad8e5bcaa80,"adgm_rag_reference_3\Policy_&_Guidance\Guidance,_Templates,_Policy_Statements\Effective_Management_of_Climate-related_Financial_Risks_Guidance_20231004.pdf",✅ Success,
Policy & Guidance,"Guidance, Templates, Policy Statements",https://www.adgm.com/legal-framework/guidance-and-policy-statements,https://assets.adgm.com/download/assets/Sustainable+Finance+Supplementary+Guidance+20230704.pdf/b4c88a746c3f11efadef6ad8e5bcaa80,"adgm_rag_reference_3\Policy_&_Guidance\Guidance,_Templates,_Policy_Statements\Sustainable_Finance_Supplementary_Guidance_20230704.pdf",✅ Success,
Policy & Guidance,"Guidance, Templates, Policy Statements",https://www.adgm.com/legal-framework/guidance-and-policy-statements,https://assets.adgm.com/download/assets/Environmental+Social+and+Governance+Disclosures+Guidance+20230704.pdf/b5a3b04e6c4011ef8a519ea8a67a36a4,"adgm_rag_reference_3\Policy_&_Guidance\Guidance,_Templates,_Policy_Statements\Environmental_Social_and_Governance_Disclosures_Guidance_20230704.pdf",✅ Success,
Policy & Guidance,"Guidance, Templates, Policy Statements",https://www.adgm.com/legal-framework/guidance-and-policy-statements,https://assets.adgm.com/download/assets/Guidance+Private+Credit+Funds+20230504.pdf/35ee16046c4111efb03df2d590e1d568,"adgm_rag_reference_3\Policy_&_Guidance\Guidance,_Templates,_Policy_Statements\Guidance_Private_Credit_Funds_20230504.pdf",✅ Success,
Policy & Guidance,"Guidance, Templates, Policy Statements",https://www.adgm.com/legal-framework/guidance-and-policy-statements,https://assets.adgm.com/download/assets/Supplementary+Guidance+on+Regulatory+Framework+for+Authorised+Persons+dealing+in+OTCLPs+20231218.pdf/24f034a86c4211efbd6a52304907f450,"adgm_rag_reference_3\Policy_&_Guidance\Guidance,_Templates,_Policy_Statements\Supplementary_Guidance_on_Regulatory_Framework_for_Authorised_Persons_dealing_in_OTCLPs_20231218.pdf",✅ Success,
Policy & Guidance,"Guidance, Templates, Policy Statements",https://www.adgm.com/legal-framework/guidance-and-policy-statements,https://assets.adgm.com/download/assets/Guidance+-+Listing+Applications+and+Eligibility+VER01.100425.pdf/50ed49ec1b5611f083e7a2b54275a7db,"adgm_rag_reference_3\Policy_&_Guidance\Guidance,_Templates,_Policy_Statements\Guidance_-_Listing_Applications_and_Eligibility_VER01.100425.pdf",✅ Success,
Policy & Guidance,"Guidance, Templates, Policy Statements",https://www.adgm.com/legal-framework/guidance-and-policy-statements,https://assets.adgm.com/download/assets/Information+Technology+Risk+Management+Guidance+20241120.pdf/014f7430a71811efa4b7bae6ac7fc29c,"adgm_rag_reference_3\Policy_&_Guidance\Guidance,_Templates,_Policy_Statements\Information_Technology_Risk_Management_Guidance_20241120.pdf",✅ Success,
Policy & Guidance,"Guidance, Templates, Policy Statements",https://www.adgm.com/legal-framework/guidance-and-policy-statements,https://assets.adgm.com/download/assets/Guidance+on+ESG+Funds+and+Model+Portfolios+in+ADGM+20241114.pdf/b7af82d0a24811ef88e35e43f9d4d032,"adgm_rag_reference_3\Policy_&_Guidance\Guidance,_Templates,_Policy_Statements\Guidance_on_ESG_Funds_and_Model_Portfolios_in_ADGM_20241114.pdf",✅ Success,
Policy & Guidance,"Guidance, Templates, Policy Statements",https://www.adgm.com/legal-framework/guidance-and-policy-statements,https://assets.adgm.com/download/assets/ADGM+Supplementary+Guidance+on+Whistleblowing+July+2025.pdf/d7b5cf686ead11ef9e10d26497c121fb,"adgm_rag_reference_3\Policy_&_Guidance\Guidance,_Templates,_Policy_Statements\ADGM_Supplementary_Guidance_on_Whistleblowing_July_2025.pdf",✅ Success,
Policy & Guidance,"Guidance, Templates, Policy Statements",https://www.adgm.com/legal-framework/guidance-and-policy-statements,https://assets.adgm.com/download/assets/Guidance+on+Preparing+Prospectus+20240220.pdf/fa52c4446c3d11efa2ffceb90f04ee40,"adgm_rag_reference_3\Policy_&_Guidance\Guidance,_Templates,_Policy_Statements\Guidance_on_Preparing_Prospectus_20240220.pdf",✅ Success,
Policy & Guidance,"Guidance, Templates, Policy Statements",https://www.adgm.com/legal-framework/guidance-and-policy-statements,https://assets.adgm.com/download/assets/Effective+Management+of+Climate-related+Financial+Risks+Guidance+20231004.pdf/59b8ebee6c3d11efb4a56ad8e5bcaa80,"adgm_rag_reference_3\Policy_&_Guidance\Guidance,_Templates,_Policy_Statements\Effective_Management_of_Climate-related_Financial_Risks_Guidance_20231004.pdf",✅ Success,
Policy & Guidance,"Guidance, Templates, Policy Statements",https://www.adgm.com/legal-framework/guidance-and-policy-statements,https://assets.adgm.com/download/assets/Sustainable+Finance+Supplementary+Guidance+20230704.pdf/b4c88a746c3f11efadef6ad8e5bcaa80,"adgm_rag_reference_3\Policy_&_Guidance\Guidance,_Templates,_Policy_Statements\Sustainable_Finance_Supplementary_Guidance_20230704.pdf",✅ Success,
Policy & Guidance,"Guidance, Templates, Policy Statements",https://www.adgm.com/legal-framework/guidance-and-policy-statements,https://assets.adgm.com/download/assets/Environmental+Social+and+Governance+Disclosures+Guidance+20230704.pdf/b5a3b04e6c4011ef8a519ea8a67a36a4,"adgm_rag_reference_3\Policy_&_Guidance\Guidance,_Templates,_Policy_Statements\Environmental_Social_and_Governance_Disclosures_Guidance_20230704.pdf",✅ Success,
Policy & Guidance,"Guidance, Templates, Policy Statements",https://www.adgm.com/legal-framework/guidance-and-policy-statements,https://assets.adgm.com/download/assets/Guidance+Private+Credit+Funds+20230504.pdf/35ee16046c4111efb03df2d590e1d568,"adgm_rag_reference_3\Policy_&_Guidance\Guidance,_Templates,_Policy_Statements\Guidance_Private_Credit_Funds_20230504.pdf",✅ Success,
Policy & Guidance,"Guidance, Templates, Policy Statements",https://www.adgm.com/legal-framework/guidance-and-policy-statements,https://assets.adgm.com/download/assets/Supplementary+Guidance+on+Regulatory+Framework+for+Authorised+Persons+dealing+in+OTCLPs+20231218.pdf/24f034a86c4211efbd6a52304907f450,"adgm_rag_reference_3\Policy_&_Guidance\Guidance,_Templates,_Policy_Statements\Supplementary_Guidance_on_Regulatory_Framework_for_Authorised_Persons_dealing_in_OTCLPs_20231218.pdf",✅ Success,
Policy & Guidance,"Guidance, Templates, Policy Statements",https://www.adgm.com/legal-framework/guidance-and-policy-statements,https://assets.adgm.com/download/assets/Guidance+on+Continuous+Disclosure+20220928.pdf/88778b166c4211ef89e5ea17ed99ca7a,"adgm_rag_reference_3\Policy_&_Guidance\Guidance,_Templates,_Policy_Statements\Guidance_on_Continuous_Disclosure_20220928.pdf",✅ Success,
Policy & Guidance,"Guidance, Templates, Policy Statements",https://www.adgm.com/legal-framework/guidance-and-policy-statements,https://assets.adgm.com/download/assets/Guidance+on+Disclosure+Requirements+for+Mining+Reporting+Entities+20220928.pdf/d4d408726c4211efb0aef2d590e1d568,"adgm_rag_reference_3\Policy_&_Guidance\Guidance,_Templates,_Policy_Statements\Guidance_on_Disclosure_Requirements_for_Mining_Reporting_Entities_20220928.pdf",✅ Success,
Policy & Guidance,"Guidance, Templates, Policy Statements",https://www.adgm.com/legal-framework/guidance-and-policy-statements,https://assets.adgm.com/download/assets/Guidance+on+Disclosure+Requirements+for+Petroleum+Reporting+Entities+20220928.pdf/1398686e6c4311efb4016ad8e5bcaa80,"adgm_rag_reference_3\Policy_&_Guidance\Guidance,_Templates,_Policy_Statements\Guidance_on_Disclosure_Requirements_for_Petroleum_Reporting_Entities_20220928.pdf",✅ Success,
Policy & Guidance,"Guidance, Templates, Policy Statements",https://www.adgm.com/legal-framework/guidance-and-policy-statements,https://assets.adgm.com/download/assets/Guidance+on+Regulation+of+Spot+Commodity+Activities+in+ADGM+20231218.pdf/df0e826c608111efb95e760a96eac6ff,"adgm_rag_reference_3\Policy_&_Guidance\Guidance,_Templates,_Policy_Statements\Guidance_on_Regulation_of_Spot_Commodity_Activities_in_ADGM_20231218.pdf",✅ Success,
Policy & Guidance,"Guidance, Templates, Policy Statements",https://www.adgm.com/legal-framework/guidance-and-policy-statements,https://assets.adgm.com/download/assets/Code+of+Market+Conduct+20220927.pdf/6e827d96703011ef8ad3127d098d64e3,"adgm_rag_reference_3\Policy_&_Guidance\Guidance,_Templates,_Policy_Statements\Code_of_Market_Conduct_20220927.pdf",✅ Success,
Policy & Guidance,"Guidance, Templates, Policy Statements",https://www.adgm.com/legal-framework/guidance-and-policy-statements,https://assets.adgm.com/download/assets/FSRA+Guiding+Principles+for+Virtual+Assets+Regulation+and+Supervision+IA+202209012.pdf/2f440a9c7ff211ef9313360bc0c8beb7,"adgm_rag_reference_3\Policy_&_Guidance\Guidance,_Templates,_Policy_Statements\FSRA_Guiding_Principles_for_Virtual_Assets_Regulation_and_Supervision_IA_202209012.pdf",✅ Success,
Policy & Guidance,"Guidance, Templates, Policy Statements",https://www.adgm.com/legal-framework/guidance-and-policy-statements,https://assets.adgm.com/download/assets/Guidelines+for+Financial+Institutions+adopting+Enabling+Technologies+20211107.pdf/43c4106e703111efa313063c8edceeae,"adgm_rag_reference_3\Policy_&_Guidance\Guidance,_Templates,_Policy_Statements\Guidelines_for_Financial_Institutions_adopting_Enabling_Technologies_20211107.pdf",✅ Success,
Policy & Guidance,"Guidance, Templates, Policy Statements",https://www.adgm.com/legal-framework/guidance-and-policy-statements,https://assets.adgm.com/download/assets/FSRA-FCPU-Notice-No-09-2021.pdf/da2fea46704011efa4b1660a8c648e8c,"adgm_rag_reference_3\Policy_&_Guidance\Guidance,_Templates,_Policy_Statements\FSRA-FCPU-Notice-No-09-2021.pdf",✅ Success,
Policy & Guidance,"Guidance, Templates, Policy Statements",https://www.adgm.com/legal-framework/guidance-and-policy-statements,https://assets.adgm.com/download/assets/ADGM+Governance+Principles+and+Practices+to+Mitigate+Cyber+Threats+and+Crime.pdf/34dcf84e704111ef952efe9c9ae44186,"adgm_rag_reference_3\Policy_&_Guidance\Guidance,_Templates,_Policy_Statements\ADGM_Governance_Principles_and_Practices_to_Mitigate_Cyber_Threats_and_Crime.pdf",✅ Success,
Policy & Guidance,"Guidance, Templates, Policy Statements",https://www.adgm.com/legal-framework/guidance-and-policy-statements,https://assets.adgm.com/download/assets/20200415+ADGM+FSRA+IFRS9+ECL+COVID-19+joint+guidance.pdf/947a8fd2704111ef8eb6dea253131be4,"adgm_rag_reference_3\Policy_&_Guidance\Guidance,_Templates,_Policy_Statements\20200415_ADGM_FSRA_IFRS9_ECL_COVID-19_joint_guidance.pdf",✅ Success,
Policy & Guidance,"Guidance, Templates, Policy Statements",https://www.adgm.com/legal-framework/guidance-and-policy-statements,https://assets.adgm.com/download/assets/Guidance+on+Digital+Securities+Offerings+and+Virtual+Assets.pdf/df3085f4704111ef828a3e3493a9db3e,"adgm_rag_reference_3\Policy_&_Guidance\Guidance,_Templates,_Policy_Statements\Guidance_on_Digital_Securities_Offerings_and_Virtual_Assets.pdf",✅ Success,
Policy & Guidance,"Guidance, Templates, Policy Statements",https://www.adgm.com/legal-framework/guidance-and-policy-statements,https://assets.adgm.com/download/assets/Guidance+-+Regulation+of+Virtual+Asset+Activities+in+ADGM+%28VER07.100625%29+.pdf/f7702902704711efa4c3fe3e7821af93,"adgm_rag_reference_3\Policy_&_Guidance\Guidance,_Templates,_Policy_Statements\Guidance_-_Regulation_of_Virtual_Asset_Activities_in_ADGM_(VER07.100625)_.pdf",✅ Success,
Policy & Guidance,"Guidance, Templates, Policy Statements",https://www.adgm.com/legal-framework/guidance-and-policy-statements,https://assets.adgm.com/download/assets/guidance-on-regulation-of-digital-securities-activities-in-adgm.pdf/f57b23cc3a0a11ef857b6e984d6ae48f,"adgm_rag_reference_3\Policy_&_Guidance\Guidance,_Templates,_Policy_Statements\guidance-on-regulation-of-digital-securities-activities-in-adgm.pdf",✅ Success,
Policy & Guidance,"Guidance, Templates, Policy Statements",https://www.adgm.com/legal-framework/guidance-and-policy-statements,https://assets.adgm.com/download/assets/GPM+VER06.020125.pdf/991cef1c70d711efa725fef3ae4e5cf9,"adgm_rag_reference_3\Policy_&_Guidance\Guidance,_Templates,_Policy_Statements\GPM_VER06.020125.pdf",✅ Success,
Policy & Guidance,"Guidance, Templates, Policy Statements",https://www.adgm.com/legal-framework/guidance-and-policy-statements,https://assets.adgm.com/download/assets/adgm-fsra-guidance-on-api-14102019.pdf/f6a7487670d711efb24cdea253131be4,"adgm_rag_reference_3\Policy_&_Guidance\Guidance,_Templates,_Policy_Statements\adgm-fsra-guidance-on-api-14102019.pdf",✅ Success,
Policy & Guidance,"Guidance, Templates, Policy Statements",https://www.adgm.com/legal-framework/guidance-and-policy-statements,https://assets.adgm.com/download/assets/supplementary-guidance-authorisation-of-digital-investment-management-robo-advisory-activities.pdf/f2ae6f36606c11ef946bcecc50de2f68,"adgm_rag_reference_3\Policy_&_Guidance\Guidance,_Templates,_Policy_Statements\supplementary-guidance-authorisation-of-digital-investment-management-robo-advisory-activities.pdf",✅ Success,
Policy & Guidance,"Guidance, Templates, Policy Statements",https://www.adgm.com/legal-framework/guidance-and-policy-statements,https://assets.adgm.com/download/assets/guidance-regulatory-framework-for-private-financing-platforms-ver+20231218.pdf/a8a0adc27fbc11ef8ecce2814188a36a,"adgm_rag_reference_3\Policy_&_Guidance\Guidance,_Templates,_Policy_Statements\guidance-regulatory-framework-for-private-financing-platforms-ver_20231218.pdf",✅ Success,
Policy & Guidance,"Guidance, Templates, Policy Statements",https://www.adgm.com/legal-framework/guidance-and-policy-statements,https://assets.adgm.com/download/assets/Guidance+Regulatory+Framework+for+Fund+Managers+of+Venture+Capital+Funds+20231218.pdf/9501edb6703111ef9e510ec6a1bba045,"adgm_rag_reference_3\Policy_&_Guidance\Guidance,_Templates,_Policy_Statements\Guidance_Regulatory_Framework_for_Fund_Managers_of_Venture_Capital_Funds_20231218.pdf",✅ Success,
Policy & Guidance,"Guidance, Templates, Policy Statements",https://www.adgm.com/legal-framework/guidance-and-policy-statements,https://assets.adgm.com/download/assets/ADGM+Common+Reporting+Standard+Guidance+Notes.pdf/25b4b438822511efa8a72a0b17dc1415,"adgm_rag_reference_3\Policy_&_Guidance\Guidance,_Templates,_Policy_Statements\ADGM_Common_Reporting_Standard_Guidance_Notes.pdf",✅ Success,
Policy & Guidance,"Guidance, Templates, Policy Statements",https://www.adgm.com/legal-framework/guidance-and-policy-statements,https://assets.adgm.com/download/assets/fintech-reglab-guidance.pdf/800da29e606c11ef9c36e210a144be73,"adgm_rag_reference_3\Policy_&_Guidance\Guidance,_Templates,_Policy_Statements\fintech-reglab-guidance.pdf",✅ Success,
Policy & Guidance,"Guidance, Templates, Policy Statements",https://www.adgm.com/legal-framework/guidance-and-policy-statements,https://assets.adgm.com/download/assets/uae-fatca-guidelines-notes-v1-1-27jul2016-adgm.pdf/4bb020e270db11efac6dfef3ae4e5cf9,"adgm_rag_reference_3\Policy_&_Guidance\Guidance,_Templates,_Policy_Statements\uae-fatca-guidelines-notes-v1-1-27jul2016-adgm.pdf",✅ Success,
Policy & Guidance,"Guidance, Templates, Policy Statements",https://www.adgm.com/legal-framework/guidance-and-policy-statements,https://assets.adgm.com/download/assets/FSRA-Confidentiality-Policy-VER03-18042019.pdf/435c7c2a70da11ef94bc22986c9514d4,"adgm_rag_reference_3\Policy_&_Guidance\Guidance,_Templates,_Policy_Statements\FSRA-Confidentiality-Policy-VER03-18042019.pdf",✅ Success,
Policy & Guidance,"Guidance, Templates, Policy Statements",https://www.adgm.com/legal-framework/guidance-and-policy-statements,https://assets.adgm.com/download/assets/supplementary-guidance-investment-managers_10apr2017.pdf/928209ae70db11efb33926ae1b0ba0ce,"adgm_rag_reference_3\Policy_&_Guidance\Guidance,_Templates,_Policy_Statements\supplementary-guidance-investment-managers_10apr2017.pdf",✅ Success,
Policy & Guidance,"Guidance, Templates, Policy Statements",https://www.adgm.com/legal-framework/guidance-and-policy-statements,https://assets.adgm.com/download/assets/ADGM+Courts+Guidelines+for+self-represented+litigants+%28English%29.pdf/f0cc1cb26c4311efb924cacf1d9538d2,"adgm_rag_reference_3\Policy_&_Guidance\Guidance,_Templates,_Policy_Statements\ADGM_Courts_Guidelines_for_self-represented_litigants_(English).pdf",✅ Success,
Policy & Guidance,"Guidance, Templates, Policy Statements",https://www.adgm.com/legal-framework/guidance-and-policy-statements,https://assets.adgm.com/download/assets/ADGM+Courts+Guidelines+for+self-represented+litigants+%28Arabic%29.pdf/f0eee1c06c4311ef9823cacf1d9538d2,"adgm_rag_reference_3\Policy_&_Guidance\Guidance,_Templates,_Policy_Statements\ADGM_Courts_Guidelines_for_self-represented_litigants_(Arabic).pdf",✅ Success,
Policy & Guidance,"Guidance, Templates, Policy Statements",https://www.adgm.com/legal-framework/guidance-and-policy-statements,https://assets.adgm.com/download/assets/ADGM+Courts+Schedule+of+Fees+-+Effective+8+February+2025.pdf/f6c5aae83c7711f0b3400a388175ae35,"adgm_rag_reference_3\Policy_&_Guidance\Guidance,_Templates,_Policy_Statements\ADGM_Courts_Schedule_of_Fees_-_Effective_8_February_2025.pdf",✅ Success,
Policy & Guidance,"Guidance, Templates, Policy Statements",https://www.adgm.com/legal-framework/guidance-and-policy-statements,https://assets.adgm.com/download/assets/ADGM+Courts+Form+Fees+Reference+Table+-+Effective+8+February+2025.pdf/2f8b6d206c5a11ef8647d6ebf050e215,"adgm_rag_reference_3\Policy_&_Guidance\Guidance,_Templates,_Policy_Statements\ADGM_Courts_Form_Fees_Reference_Table_-_Effective_8_February_2025.pdf",✅ Success,
Policy & Guidance,"Guidance, Templates, Policy Statements",https://www.adgm.com/legal-framework/guidance-and-policy-statements,https://assets.adgm.com/download/assets/adgm-courts-procedural-flowchart-civil-and-employment-divisions-within-adgm-and-ad-amended-280618.pdf/217375ea6c4411efb94c2ee389bec7b9,"adgm_rag_reference_3\Policy_&_Guidance\Guidance,_Templates,_Policy_Statements\adgm-courts-procedural-flowchart-civil-and-employment-divisions-within-adgm-and-ad-amended.pdf",✅ Success,
Policy & Guidance,"Guidance, Templates, Policy Statements",https://www.adgm.com/legal-framework/guidance-and-policy-statements,https://assets.adgm.com/download/assets/adgm-courts-procedural-flowchart-civil-and-employment-divisions-within-adgm-and-ad-290718-arabic.pdf/21b2f5446c4411efac2d52304907f450,"adgm_rag_reference_3\Policy_&_Guidance\Guidance,_Templates,_Policy_Statements\adgm-courts-procedural-flowchart-civil-and-employment-divisions-within-adgm-and-ad-290718-arabic.pdf",✅ Success,
Policy & Guidance,"Guidance, Templates, Policy Statements",https://www.adgm.com/legal-framework/guidance-and-policy-statements,https://assets.adgm.com/download/assets/adgm-courts-procedural-flowchart-civil-and-employment-divisions-out-of-adgm-and-ad-amended-280618.pdf/ce005d186c4511ef82357efc80cc0b04,"adgm_rag_reference_3\Policy_&_Guidance\Guidance,_Templates,_Policy_Statements\adgm-courts-procedural-flowchart-civil-and-employment-divisions-out-of-adgm-and-ad-amended.pdf",✅ Success,
Policy & Guidance,"Guidance, Templates, Policy Statements",https://www.adgm.com/legal-framework/guidance-and-policy-statements,https://assets.adgm.com/download/assets/adgm-courts-procedural-flowchart-civil-and-employment-divisions-out-of-adgm-and-ad-290718-arabic.pdf/e18706ee7ccf11efa77096118017b7d6,"adgm_rag_reference_3\Policy_&_Guidance\Guidance,_Templates,_Policy_Statements\adgm-courts-procedural-flowchart-civil-and-employment-divisions-out-of-adgm-and-ad-290718-arabic.pdf",✅ Success,
Policy & Guidance,"Guidance, Templates, Policy Statements",https://www.adgm.com/legal-framework/guidance-and-policy-statements,https://assets.adgm.com/download/assets/adgm-courts-procedural-flowchart-small-claim-divisions-within-adgm-ad-amended-260418.pdf/3b8e0e346c4611efb851367105a595af,"adgm_rag_reference_3\Policy_&_Guidance\Guidance,_Templates,_Policy_Statements\adgm-courts-procedural-flowchart-small-claim-divisions-within-adgm-ad-amended-260418.pdf",✅ Success,
Policy & Guidance,"Guidance, Templates, Policy Statements",https://www.adgm.com/legal-framework/guidance-and-policy-statements,https://assets.adgm.com/download/assets/adgm-courts-procedural-flowchart-small-claim-divisions-within-adgm-ad-260418-arabic.pdf/bf0559c47f1111ef8b06320be337e496,"adgm_rag_reference_3\Policy_&_Guidance\Guidance,_Templates,_Policy_Statements\adgm-courts-procedural-flowchart-small-claim-divisions-within-adgm-ad-260418-arabic.pdf",✅ Success,
Policy & Guidance,"Guidance, Templates, Policy Statements",https://www.adgm.com/legal-framework/guidance-and-policy-statements,https://assets.adgm.com/download/assets/adgm-courts-procedural-flowchart-small-claims-division-out-of-adgm-ad-amended-260418.pdf/a4b402ce6c4611ef991bbe3c5c6fc422,"adgm_rag_reference_3\Policy_&_Guidance\Guidance,_Templates,_Policy_Statements\adgm-courts-procedural-flowchart-small-claims-division-out-of-adgm-ad-amended-260418.pdf",✅ Success,
Policy & Guidance,"Guidance, Templates, Policy Statements",https://www.adgm.com/legal-framework/guidance-and-policy-statements,https://assets.adgm.com/download/assets/adgm-courts-procedural-flowchart-small-claims-division-out-of-adgm-ad-260418-arabic.pdf/a19fbbaa6c4611efa472ba28de0cdfff,"adgm_rag_reference_3\Policy_&_Guidance\Guidance,_Templates,_Policy_Statements\adgm-courts-procedural-flowchart-small-claims-division-out-of-adgm-ad-260418-arabic.pdf",✅ Success,
Policy & Guidance,"Guidance, Templates, Policy Statements",https://www.adgm.com/legal-framework/guidance-and-policy-statements,https://assets.adgm.com/download/assets/adgm-courts-procedural-flowchart-enforcement-of-judgments-of-adgm-courts-by-adjd-25032018.pdf/15b573ae6c4711ef98d3f2d590e1d568,"adgm_rag_reference_3\Policy_&_Guidance\Guidance,_Templates,_Policy_Statements\adgm-courts-procedural-flowchart-enforcement-of-judgments-of-adgm-courts-by-adjd-25032018.pdf",✅ Success,
Policy & Guidance,"Guidance, Templates, Policy Statements",https://www.adgm.com/legal-framework/guidance-and-policy-statements,https://assets.adgm.com/download/assets/ADGM+Courts+Guidelines+for+self-represented+litigants+%28English%29.pdf/f0cc1cb26c4311efb924cacf1d9538d2,"adgm_rag_reference_3\Policy_&_Guidance\Guidance,_Templates,_Policy_Statements\ADGM_Courts_Guidelines_for_self-represented_litigants_(English).pdf",✅ Success,
Policy & Guidance,"Guidance, Templates, Policy Statements",https://www.adgm.com/legal-framework/guidance-and-policy-statements,https://assets.adgm.com/download/assets/ADGM+Courts+Guidelines+for+self-represented+litigants+%28Arabic%29.pdf/f0eee1c06c4311ef9823cacf1d9538d2,"adgm_rag_reference_3\Policy_&_Guidance\Guidance,_Templates,_Policy_Statements\ADGM_Courts_Guidelines_for_self-represented_litigants_(Arabic).pdf",✅ Success,
Policy & Guidance,"Guidance, Templates, Policy Statements",https://www.adgm.com/legal-framework/guidance-and-policy-statements,https://assets.adgm.com/download/assets/ADGM+Courts+Schedule+of+Fees+-+Effective+8+February+2025.pdf/f6c5aae83c7711f0b3400a388175ae35,"adgm_rag_reference_3\Policy_&_Guidance\Guidance,_Templates,_Policy_Statements\ADGM_Courts_Schedule_of_Fees_-_Effective_8_February_2025.pdf",✅ Success,
Policy & Guidance,"Guidance, Templates, Policy Statements",https://www.adgm.com/legal-framework/guidance-and-policy-statements,https://assets.adgm.com/download/assets/ADGM+Courts+Form+Fees+Reference+Table+-+Effective+8+February+2025.pdf/2f8b6d206c5a11ef8647d6ebf050e215,"adgm_rag_reference_3\Policy_&_Guidance\Guidance,_Templates,_Policy_Statements\ADGM_Courts_Form_Fees_Reference_Table_-_Effective_8_February_2025.pdf",✅ Success,
Policy & Guidance,"Guidance, Templates, Policy Statements",https://www.adgm.com/legal-framework/guidance-and-policy-statements,https://assets.adgm.com/download/assets/adgm-courts-procedural-flowchart-civil-and-employment-divisions-within-adgm-and-ad-amended-280618.pdf/217375ea6c4411efb94c2ee389bec7b9,"adgm_rag_reference_3\Policy_&_Guidance\Guidance,_Templates,_Policy_Statements\adgm-courts-procedural-flowchart-civil-and-employment-divisions-within-adgm-and-ad-amended.pdf",✅ Success,
Policy & Guidance,"Guidance, Templates, Policy Statements",https://www.adgm.com/legal-framework/guidance-and-policy-statements,https://assets.adgm.com/download/assets/adgm-courts-procedural-flowchart-civil-and-employment-divisions-within-adgm-and-ad-290718-arabic.pdf/21b2f5446c4411efac2d52304907f450,"adgm_rag_reference_3\Policy_&_Guidance\Guidance,_Templates,_Policy_Statements\adgm-courts-procedural-flowchart-civil-and-employment-divisions-within-adgm-and-ad-290718-arabic.pdf",✅ Success,
Policy & Guidance,"Guidance, Templates, Policy Statements",https://www.adgm.com/legal-framework/guidance-and-policy-statements,https://assets.adgm.com/download/assets/adgm-courts-procedural-flowchart-civil-and-employment-divisions-out-of-adgm-and-ad-amended-280618.pdf/ce005d186c4511ef82357efc80cc0b04,"adgm_rag_reference_3\Policy_&_Guidance\Guidance,_Templates,_Policy_Statements\adgm-courts-procedural-flowchart-civil-and-employment-divisions-out-of-adgm-and-ad-amended.pdf",✅ Success,
Policy & Guidance,"Guidance, Templates, Policy Statements",https://www.adgm.com/legal-framework/guidance-and-policy-statements,https://assets.adgm.com/download/assets/adgm-courts-procedural-flowchart-civil-and-employment-divisions-out-of-adgm-and-ad-290718-arabic.pdf/e18706ee7ccf11efa77096118017b7d6,"adgm_rag_reference_3\Policy_&_Guidance\Guidance,_Templates,_Policy_Statements\adgm-courts-procedural-flowchart-civil-and-employment-divisions-out-of-adgm-and-ad-290718-arabic.pdf",✅ Success,
Policy & Guidance,"Guidance, Templates, Policy Statements",https://www.adgm.com/legal-framework/guidance-and-policy-statements,https://assets.adgm.com/download/assets/adgm-courts-procedural-flowchart-small-claim-divisions-within-adgm-ad-amended-260418.pdf/3b8e0e346c4611efb851367105a595af,"adgm_rag_reference_3\Policy_&_Guidance\Guidance,_Templates,_Policy_Statements\adgm-courts-procedural-flowchart-small-claim-divisions-within-adgm-ad-amended-260418.pdf",✅ Success,
Policy & Guidance,"Guidance, Templates, Policy Statements",https://www.adgm.com/legal-framework/guidance-and-policy-statements,https://assets.adgm.com/download/assets/adgm-courts-procedural-flowchart-small-claim-divisions-within-adgm-ad-260418-arabic.pdf/bf0559c47f1111ef8b06320be337e496,"adgm_rag_reference_3\Policy_&_Guidance\Guidance,_Templates,_Policy_Statements\adgm-courts-procedural-flowchart-small-claim-divisions-within-adgm-ad-260418-arabic.pdf",✅ Success,
Policy & Guidance,"Guidance, Templates, Policy Statements",https://www.adgm.com/legal-framework/guidance-and-policy-statements,https://assets.adgm.com/download/assets/adgm-courts-procedural-flowchart-small-claims-division-out-of-adgm-ad-amended-260418.pdf/a4b402ce6c4611ef991bbe3c5c6fc422,"adgm_rag_reference_3\Policy_&_Guidance\Guidance,_Templates,_Policy_Statements\adgm-courts-procedural-flowchart-small-claims-division-out-of-adgm-ad-amended-260418.pdf",✅ Success,
Policy & Guidance,"Guidance, Templates, Policy Statements",https://www.adgm.com/legal-framework/guidance-and-policy-statements,https://assets.adgm.com/download/assets/adgm-courts-procedural-flowchart-small-claims-division-out-of-adgm-ad-260418-arabic.pdf/a19fbbaa6c4611efa472ba28de0cdfff,"adgm_rag_reference_3\Policy_&_Guidance\Guidance,_Templates,_Policy_Statements\adgm-courts-procedural-flowchart-small-claims-division-out-of-adgm-ad-260418-arabic.pdf",✅ Success,
Policy & Guidance,"Guidance, Templates, Policy Statements",https://www.adgm.com/legal-framework/guidance-and-policy-statements,https://assets.adgm.com/download/assets/adgm-courts-procedural-flowchart-enforcement-of-judgments-of-adgm-courts-by-adjd-25032018.pdf/15b573ae6c4711ef98d3f2d590e1d568,"adgm_rag_reference_3\Policy_&_Guidance\Guidance,_Templates,_Policy_Statements\adgm-courts-procedural-flowchart-enforcement-of-judgments-of-adgm-courts-by-adjd-25032018.pdf",✅ Success,
Policy & Guidance,"Guidance, Templates, Policy Statements",https://www.adgm.com/legal-framework/guidance-and-policy-statements,https://assets.adgm.com/download/assets/ADGM+Courts+Guidelines+for+self-represented+litigants+%28English%29.pdf/f0cc1cb26c4311efb924cacf1d9538d2,"adgm_rag_reference_3\Policy_&_Guidance\Guidance,_Templates,_Policy_Statements\ADGM_Courts_Guidelines_for_self-represented_litigants_(English).pdf",✅ Success,
Policy & Guidance,"Guidance, Templates, Policy Statements",https://www.adgm.com/legal-framework/guidance-and-policy-statements,https://assets.adgm.com/download/assets/ADGM+Courts+Guidelines+for+self-represented+litigants+%28Arabic%29.pdf/f0eee1c06c4311ef9823cacf1d9538d2,"adgm_rag_reference_3\Policy_&_Guidance\Guidance,_Templates,_Policy_Statements\ADGM_Courts_Guidelines_for_self-represented_litigants_(Arabic).pdf",✅ Success,
Policy & Guidance,"Guidance, Templates, Policy Statements",https://www.adgm.com/legal-framework/guidance-and-policy-statements,https://assets.adgm.com/download/assets/ADGM+Courts+Schedule+of+Fees+-+Effective+8+February+2025.pdf/f6c5aae83c7711f0b3400a388175ae35,"adgm_rag_reference_3\Policy_&_Guidance\Guidance,_Templates,_Policy_Statements\ADGM_Courts_Schedule_of_Fees_-_Effective_8_February_2025.pdf",✅ Success,
Policy & Guidance,"Guidance, Templates, Policy Statements",https://www.adgm.com/legal-framework/guidance-and-policy-statements,https://assets.adgm.com/download/assets/ADGM+Courts+Form+Fees+Reference+Table+-+Effective+8+February+2025.pdf/2f8b6d206c5a11ef8647d6ebf050e215,"adgm_rag_reference_3\Policy_&_Guidance\Guidance,_Templates,_Policy_Statements\ADGM_Courts_Form_Fees_Reference_Table_-_Effective_8_February_2025.pdf",✅ Success,
Policy & Guidance,"Guidance, Templates, Policy Statements",https://www.adgm.com/legal-framework/guidance-and-policy-statements,https://assets.adgm.com/download/assets/adgm-courts-procedural-flowchart-civil-and-employment-divisions-within-adgm-and-ad-amended-280618.pdf/217375ea6c4411efb94c2ee389bec7b9,"adgm_rag_reference_3\Policy_&_Guidance\Guidance,_Templates,_Policy_Statements\adgm-courts-procedural-flowchart-civil-and-employment-divisions-within-adgm-and-ad-amended.pdf",✅ Success,
Policy & Guidance,"Guidance, Templates, Policy Statements",https://www.adgm.com/legal-framework/guidance-and-policy-statements,https://assets.adgm.com/download/assets/adgm-courts-procedural-flowchart-civil-and-employment-divisions-within-adgm-and-ad-290718-arabic.pdf/21b2f5446c4411efac2d52304907f450,"adgm_rag_reference_3\Policy_&_Guidance\Guidance,_Templates,_Policy_Statements\adgm-courts-procedural-flowchart-civil-and-employment-divisions-within-adgm-and-ad-290718-arabic.pdf",✅ Success,
Policy & Guidance,"Guidance, Templates, Policy Statements",https://www.adgm.com/legal-framework/guidance-and-policy-statements,https://assets.adgm.com/download/assets/adgm-courts-procedural-flowchart-civil-and-employment-divisions-out-of-adgm-and-ad-amended-280618.pdf/ce005d186c4511ef82357efc80cc0b04,"adgm_rag_reference_3\Policy_&_Guidance\Guidance,_Templates,_Policy_Statements\adgm-courts-procedural-flowchart-civil-and-employment-divisions-out-of-adgm-and-ad-amended.pdf",✅ Success,
Policy & Guidance,"Guidance, Templates, Policy Statements",https://www.adgm.com/legal-framework/guidance-and-policy-statements,https://assets.adgm.com/download/assets/adgm-courts-procedural-flowchart-civil-and-employment-divisions-out-of-adgm-and-ad-290718-arabic.pdf/e18706ee7ccf11efa77096118017b7d6,"adgm_rag_reference_3\Policy_&_Guidance\Guidance,_Templates,_Policy_Statements\adgm-courts-procedural-flowchart-civil-and-employment-divisions-out-of-adgm-and-ad-290718-arabic.pdf",✅ Success,
Policy & Guidance,"Guidance, Templates, Policy Statements",https://www.adgm.com/legal-framework/guidance-and-policy-statements,https://assets.adgm.com/download/assets/adgm-courts-procedural-flowchart-small-claim-divisions-within-adgm-ad-amended-260418.pdf/3b8e0e346c4611efb851367105a595af,"adgm_rag_reference_3\Policy_&_Guidance\Guidance,_Templates,_Policy_Statements\adgm-courts-procedural-flowchart-small-claim-divisions-within-adgm-ad-amended-260418.pdf",✅ Success,
Policy & Guidance,"Guidance, Templates, Policy Statements",https://www.adgm.com/legal-framework/guidance-and-policy-statements,https://assets.adgm.com/download/assets/adgm-courts-procedural-flowchart-small-claim-divisions-within-adgm-ad-260418-arabic.pdf/bf0559c47f1111ef8b06320be337e496,"adgm_rag_reference_3\Policy_&_Guidance\Guidance,_Templates,_Policy_Statements\adgm-courts-procedural-flowchart-small-claim-divisions-within-adgm-ad-260418-arabic.pdf",✅ Success,
Policy & Guidance,"Guidance, Templates, Policy Statements",https://www.adgm.com/legal-framework/guidance-and-policy-statements,https://assets.adgm.com/download/assets/adgm-courts-procedural-flowchart-small-claims-division-out-of-adgm-ad-amended-260418.pdf/a4b402ce6c4611ef991bbe3c5c6fc422,"adgm_rag_reference_3\Policy_&_Guidance\Guidance,_Templates,_Policy_Statements\adgm-courts-procedural-flowchart-small-claims-division-out-of-adgm-ad-amended-260418.pdf",✅ Success,
Policy & Guidance,"Guidance, Templates, Policy Statements",https://www.adgm.com/legal-framework/guidance-and-policy-statements,https://assets.adgm.com/download/assets/adgm-courts-procedural-flowchart-small-claims-division-out-of-adgm-ad-260418-arabic.pdf/a19fbbaa6c4611efa472ba28de0cdfff,"adgm_rag_reference_3\Policy_&_Guidance\Guidance,_Templates,_Policy_Statements\adgm-courts-procedural-flowchart-small-claims-division-out-of-adgm-ad-260418-arabic.pdf",✅ Success,
Policy & Guidance,"Guidance, Templates, Policy Statements",https://www.adgm.com/legal-framework/guidance-and-policy-statements,https://assets.adgm.com/download/assets/adgm-courts-procedural-flowchart-enforcement-of-judgments-of-adgm-courts-by-adjd-25032018.pdf/15b573ae6c4711ef98d3f2d590e1d568,"adgm_rag_reference_3\Policy_&_Guidance\Guidance,_Templates,_Policy_Statements\adgm-courts-procedural-flowchart-enforcement-of-judgments-of-adgm-courts-by-adjd-25032018.pdf",✅ Success,
ADGM Company Set-up,Checklist – Company Set-up (Various Entities),https://www.adgm.com/documents/registration-authority/registration-and-incorporation/checklist/branch-non-financial-services-20231228.pdf,https://www.adgm.com/documents/registration-authority/registration-and-incorporation/checklist/branch-non-financial-services-20231228.pdf,adgm_rag_reference_3\ADGM_Company_Set-up\Checklist_–_Company_Set-up_(Various_Entities)\Branch_-_Financial_Services_and_Non-Financial_Services.pdf,✅ Success,
ADGM Company Set-up,Checklist – Private Company Limited,https://www.adgm.com/documents/registration-authority/registration-and-incorporation/checklist/private-company-limited-by-guarantee-non-financial-services-20231228.pdf,https://www.adgm.com/documents/registration-authority/registration-and-incorporation/checklist/private-company-limited-by-guarantee-non-financial-services-20231228.pdf,adgm_rag_reference_3\ADGM_Company_Set-up\Checklist_–_Private_Company_Limited\Private_Company_Limited_by_Guarantee_Non-Financial_Services_20231228.pdf,✅ Success,
Employment & HR,Standard Employment Contract Template (2024 update),https://assets.adgm.com/download/assets/ADGM+Standard+Employment+Contract+Template+-+ER+2024+(Feb+2025).docx/ee14b252edbe11efa63b12b3a30e5e3a,https://assets.adgm.com/download/assets/ADGM+Standard+Employment+Contract+Template+-+ER+2024+(Feb+2025).docx/ee14b252edbe11efa63b12b3a30e5e3a,adgm_rag_reference_3\Employment_&_HR\Standard_Employment_Contract_Template_(2024_update)\ADGM_Standard_Employment_Contract_Template_-_ER_2024_(Feb_2025).docx,✅ Success,
Employment & HR,Standard Employment Contract Template (2019 short version),https://assets.adgm.com/download/assets/ADGM+Standard+Employment+Contract+-+ER+2019+-+Short+Version+(May+2024).docx/33b57a92ecfe11ef97a536cc36767ef8,https://assets.adgm.com/download/assets/ADGM+Standard+Employment+Contract+-+ER+2019+-+Short+Version+(May+2024).docx/33b57a92ecfe11ef97a536cc36767ef8,adgm_rag_reference_3\Employment_&_HR\Standard_Employment_Contract_Template_(2019_short_version)\ADGM_Standard_Employment_Contract_-_ER_2019_-_Short_Version_(May_2024).docx,✅ Success,
Data Protection,Appropriate Policy Document Template,https://www.adgm.com/documents/office-of-data-protection/templates/adgm-dpr-2021-appropriate-policy-document.pdf,https://www.adgm.com/documents/office-of-data-protection/templates/adgm-dpr-2021-appropriate-policy-document.pdf,adgm_rag_reference_3\Data_Protection\Appropriate_Policy_Document_Template\ADGM_DPR_2021_Appropriate_Policy_Document.pdf,✅ Success,
Compliance & Filings,Annual Accounts & Filings,https://www.adgm.com/operating-in-adgm/obligations-of-adgm-registered-entities/annual-filings/annual-accounts,,,⚠️ No files found,
Letters/Permits,Application for Official Letters & Permits,https://www.adgm.com/operating-in-adgm/post-registration-services/letters-and-permits,,,⚠️ No files found,
Regulatory Guidance,"Incorporation Package, Filings, Templates",https://en.adgm.thomsonreuters.com/rulebook/7-company-incorporation-package,https://en.adgm.thomsonreuters.com/sites/default/files/net_file_store/ADGM1547_16398_VER2015.pdf,"adgm_rag_reference_3\Regulatory_Guidance\Incorporation_Package,_Filings,_Templates\ADGM1547_16398_VER2015.pdf",✅ Success,
Regulatory Template,Shareholder Resolution – Amendment of Articles,https://assets.adgm.com/download/assets/Templates_SHReso_AmendmentArticles-v1-20220107.docx/97120d7c5af911efae4b1e183375c0b2?forcedownload=1,https://assets.adgm.com/download/assets/Templates_SHReso_AmendmentArticles-v1-20220107.docx/97120d7c5af911efae4b1e183375c0b2?forcedownload=1,adgm_rag_reference_3\Regulatory_Template\Shareholder_Resolution_–_Amendment_of_Articles\Templates_SHReso_AmendmentArticles-v1-20220107.docx,✅ Success,
